revGrowth,EPS,GrossMargin,Class
219.8,120,242.6,0
197,1480,356.1,0
23,1290,203.8,0
483,-1080,532.9,0
-260.8,-1830,86.6,0
26.2,-80,397.1,0
21.2,7810,61.9,1
254.1,2400,295.5,0
-69.3,5330.5,222.2,1
-187.5,780,142.6,0
11.3,-2460,526.2,0
-369.6,-103.8,89.8,1
71.3,2440,798.2,0
-9.4,580,750,0
209,600,291,0
1371.9,1670,783.4,1
37.4,230,357.5,0
902.9,1080,332.4,0
164.7,-60,299.5,0
-159.2,420,796.7,0
79,720,499.5,0
-136.3,368.6,242.2,0
142,450,594.9,1
-70.9,-104.3,326.1,0
-249,130,351.2,0
167.9,-650,76.5,0
-32,390,373.5,0
-44,-1260,75.3,0
107.8,2120,87.6,0
4.8,710,117.2,0
-4.1,-1690,155.7,0
-133,-47520,262.6,0
-12.9,20,186.3,0
-82.9,-1020,-182,0
-68.9,-950,134,0
-53.7,307.9,120.8,0
45.7,-1400,197.7,0
-49.9,700,345.5,0
-108.9,1340,173.1,0
43.2,1820,162.7,0
-50.7,-140,225.2,0
28.7,960,102.2,0
36.2,2400,294,1
-160.8,542.2,178.5,0
32688.8,10,288.4,0
-122.2,560,498.1,0
0,-900,0,0
327.8,1310,104.5,0
308.9,50,170.1,0
187.6,680,110.3,0
-487.9,1150,296,0
-147.8,-11590,-7.3,0
44.9,4030,237.6,1
45,1330,165.7,0
-76.8,581.1,131.8,0
63.7,-550,114.1,0
-243.3,3200,264.9,0
-174.2,-29.7,281.1,0
605.8,2260,353.8,0
-133.7,5430,374.9,0
35.1,8030,146.2,1
80.7,1560,196.2,1
-62.3,2210,211.4,1
-72.1,-530,91.5,1
-189.6,1020,425.3,0
65.9,4790,203.2,0
-68.5,3531,288.6,0
18.9,5030,233.1,0
372.2,2730,176.6,1
-64.7,990,256.5,0
-92.1,2690,212.7,0
-2,-1440,75.6,0
-99.8,404.5,266,0
101.5,120,340.3,1
157.7,430,470.4,0
0,-94.7,0,0
4.9,3040,247.7,0
43.1,4770,387.4,0
53.9,2600,1000,0
21.7,-1350,-104.8,0
55.3,3060,197.7,0
-23.2,-520,122.9,0
0,-130,0,1
1159.8,3090,415.4,0
91.7,2030,142.2,0
-1000,-290,0,0
-85.8,900,289.4,0
-9.8,1520,337.4,1
40.9,2300,371.6,0
-27.8,1610,509.2,0
83.7,2420,225,1
-425.9,3670,377.9,1
189.1,710,224.9,1
-14.8,-1050,65.6,0
-96.3,-3740,119.2,0
-133.8,-1343.8,228.4,0
22.2,607.6,193.5,0
21.4,1690,315.2,0
-6.6,1920,185.6,1
398.1,2530,206.4,0
49.7,1550,164.1,0
-55.9,100,251.3,0
77.5,4010,462.3,1
-85.2,780,198.3,0
36.9,7600,435.6,0
212.4,1010,120.1,0
103.5,710,835.2,0
28.1,1000,253.4,0
-152.7,-300,180.7,0
-288.5,-740,73,0
4.8,-200,186.1,0
266.5,120,346.3,0
-88,-3600,10.7,0
-280.9,-4410,353.4,0
92.7,9000,464,0
718.1,-1570,120.6,0
31.9,6650,209.8,0
-18,310,113,0
-88.9,348.8,230.7,0
0,-250,0,0
-76.9,955.2,290,1
220.3,130,102.4,0
76.7,190,222.6,1
64,4370,131.7,0
73,2200,428.6,0
135.4,6450,328.6,0
45.9,5090,441,1
-216.2,170,383.4,1
-70.4,2700,345.2,1
-286.5,-270,204.4,0
174.5,5090,298.4,0
176.5,1520,185.3,1
-177.7,500,426.3,0
25.4,4660,269.1,0
-87.3,-1830,193.4,0
41.7,-2630,162.4,1
-182.6,-2500,332.9,0
-30.2,250,201.9,0
-47.7,70,192.7,0
2853.6,-70,391.5,0
-292.8,860,132,0
152.4,1340,170.9,1
128,-5100,106.2,0
-45.5,-2930,239.1,0
254.8,2250,423.9,0
123.9,910,119.3,0
71.2,250,219.3,1
-77.3,1040,336.5,0
27.8,2940,275.5,1
49,1600,129.9,0
79.7,1820,178.5,0
-85,750,233.6,0
8.7,1716.6,112.6,0
-153.8,6120,226.6,0
-296.9,-1400,-6.7,0
61.6,-1260,144.4,1
0,-232.4,0,1
-34.3,2060,182.7,0
-40.6,600,246.5,0
0,-230,0,0
0,-284,0,0
0,-80,0,0
76.9,957,122.3,1
0,-100,0,1
17.1,860,184.6,0
45.2,4020,168.3,1
-46.5,860,211.7,0
-180,960,932.9,0
694.2,2680,252.4,0
143.5,640,358,0
-76.9,-206.5,-113.3,0
199.3,-200,270.4,1
52.4,450,232.7,0
51.9,-1580,135.9,0
101.7,980,214.2,1
109.6,810,303.8,1
0,140,0,0
14.4,4310,96.5,0
363.2,370,222.2,0
-5.9,2960,223.4,0
73,790,219.7,1
-82.5,280,440.8,0
170,350,178.8,0
-25.7,365,359.4,0
24.1,18380,284.9,0
605.7,1740,266.3,0
226.1,640,150.2,0
0,-264000,0,0
77.8,-214200,714,0
30.5,-850,203.1,0
69.8,330,315.1,0
-24.1,160,233.5,0
40.9,-110,131.3,0
-6.1,1720,176.9,0
64.4,0,230.6,1
-333.3,-50,1000,0
-20.1,9420,783.1,0
82.6,-232.4,14.9,0
87.7,150,366.3,0
122,-1880,100.6,0
24.7,2510,129.5,1
39.2,2890,519.2,1
74.2,4090,203.4,1
77.2,390,335.8,1
-75.7,-60,-211.2,0
173.5,3450,314.3,1
0,-40,0,0
-231.7,1220,193,1
50,4270,356.7,0
-978,-410,-6042.6,0
-153.5,400,346.5,1
192.2,460,336.3,0
81.7,-2320,-33.1,0
220.4,-240,330.8,0
189.4,-5370,182.8,0
-59.2,553.7,417.2,0
-40,460,280.9,1
85,190,107.8,0
100.8,-15600,198.9,0
-1000,-197.9,0,0
5891.1,68.8,409.6,0
112.3,-11890,100.6,1
76.1,9720,390.7,1
-803.4,-279.3,209.6,0
51.8,2230,252.3,0
-99.9,-650,297.5,0
-336.8,-206.5,356.8,0
-148.8,250,60.8,0
6.7,30,323.1,0
2437,-3067000,-258.8,0
0,-120,0,0
567.4,340,296.4,0
-716.9,-370,167.9,0
57.1,320,362.5,0
-140.9,315,197.9,0
130.6,220,339,1
-69.2,4320,68.8,0
0,-34.4,0,0
62.8,1270,224,1
0,-2000,0,0
237.3,2820,450.2,1
29236.6,-14080,8.3,0
-26.1,496.4,49.8,0
0,-170,0,0
0,-18.4,0,0
-22.6,-30,-31.5,0
137.1,580,155.8,0
120.2,3470,245.5,0
0,-17.2,0,0
-258.9,-28800,470.7,0
-38.4,1440,806.9,1
-30.9,1210,752.4,1
-101.3,-230,1000,1
1221.9,7950,847.8,1
62.3,1110,778.3,0
-40.8,4120,603,0
42.3,5800,694,1
33.2,-90,700.5,1
30,1500,544.7,1
57.8,2030,282.3,1
235.7,130,687.2,0
25,3060,745.2,1
99.4,3980,182,1
65.2,5780,253,1
524.4,1165,115,1
78.3,7970,334.3,1
184.6,-510,250,1
181.2,2490,949.7,1
399.7,12420,879.3,0
-183.4,1785,681.7,1
-2.1,3580,545.4,1
117.3,2490,457,0
-9.6,2280,547.4,1
4644.5,60,1000,0
685.5,-830,1000,1
1176.4,-5290,749.5,0
440,3320,922.1,1
553.2,-3760,1000,0
153.8,-1040,1000,1
120.5,-4910,482.7,0
-663.1,-2220,1000,0
74.3,6800,779.6,1
851.4,110,497.7,0
-14.3,1990,284.1,0
324.9,-1010,211.2,0
48.7,6130,509.2,1
15.4,60,492.2,1
40.1,9310,230.4,1
10.8,4260,734.1,0
465.9,-7400,1000,1
714.1,-34170,306.7,0
620,-300,680.2,1
-151.3,2230,748.5,1
84.8,2765,280.7,1
454,820,846.5,0
497.5,120,1000,0
7315.2,-1300,465.9,0
-56,-410,473.2,1
138.7,4610,427.4,0
796.9,-7420,635.5,1
80,4300,379.6,0
-521.1,-3140,894.9,1
347.7,-420,857.8,1
39.5,1650,488.1,1
-167.3,1020,480.2,0
28.7,490,779.9,1
-296.2,3700,532.3,1
-848.4,-150,920.9,0
2371.9,-930,1000,1
273.9,2040,1000,0
-19.5,-3450,1000,1
-40.7,1400,451.5,1
113.6,5520,1000,1
408.2,1510,1000,1
17.4,4210,676.6,0
-132.4,-49800,1000,0
1025.6,-37870,-430.1,1
72,-4850,1000,0
366.1,-920,836.8,1
0,-2870,0,1
712.3,-360,755.6,1
-1000,-1840,0,1
-198.7,-1340,918.6,1
3012,-3150,734.8,1
0,-8040,0,1
290.2,4760,443.6,1
-895.2,-950,1000,1
-545.8,-2800,790.1,0
32.9,500,643.4,1
0,-4720,1000,0
-292.8,-370,1000,1
108.9,2020,903,0
538.3,6060,836.7,0
40.4,3830,376.3,1
374.7,-560,698.3,1
900.7,-390,1000,0
124.4,5510,60.8,0
359.4,1210,24.9,1
480.5,580,968.4,0
135.6,3810,730.7,1
1056.9,-320,622.1,1
454.1,-330,1000,1
-273.9,-27560,-3473.6,0
49.1,1160,641.2,1
2429.4,-1120,873.2,0
747,130,470.9,1
20.7,30,160.1,0
72.5,1360,657,1
1310.5,-390,608.2,0
309.7,2610,697.2,1
-58.9,3783,663.2,1
-63.8,-920,549.6,0
-99,3420,56.7,1
87.6,3410,287.3,0
-1000,-760,0,0
339.6,3360,927.3,1
174,7440,213.1,1
40.6,1060,123.9,1
-566.1,-1250,-1405.5,0
26.8,2440,636.5,0
441,-290,994.1,1
223.3,-330000,363.5,0
77.1,835.4,506.4,0
229.8,-5060,754.3,0
0,-2220,0,0
35,6030,366.5,1
467.1,1330,108.7,1
484.1,-175030,37.3,0
81.9,5610,635.5,0
-547,-15260,1000,0
259.7,-1830,1000,0
1563.6,-310,966.8,1
-927.3,-260,57.8,0
536.2,-990,795.3,1
-16.6,340,422,1
-1000,-810,0,1
344.4,980,899.9,0
74227.8,-290,1000,1
-86,-3190,1000,1
52.2,680,499.1,0
63.5,940,704.2,1
-2.5,-1640,1000,0
461.9,120,63.3,1
286.3,-370,561.1,1
2027.4,-830,732.2,1
-108.1,2021.8,674,0
0,-2650,0,0
13016.2,-1010,1000,1
198.8,-710,855.3,0
79,1820,549.3,0
0,-12600,0,0
-313.8,-3390,1000,1
65,-620,898.7,1
84.6,4540,512.2,1
38.5,-210,597.2,0
860.8,-1500,1000,0
812.4,1700,564,0
38.7,1790,315,1
-397.1,-1250,1000,0
0,-2170,0,0
153.7,1810,759.5,1
0,-1020,0,1
1541.7,-710,1000,1
112.7,-360,760.8,1
191.7,-2460,1000,0
324.8,-2150,271.8,0
169.1,-470,386.6,0
0,-4960,1000,1
105.7,2020,371,0
-127.7,-19800,1000,0
1514578.9,-2230,399.5,0
0,-4320,1000,1
70.7,2780,274.9,1
417,-2040,369.7,1
1291.3,-710,1000,1
473.3,-1910,1000,1
0,-2570,0,0
74,-13630,1000,0
56.2,-500,646.3,1
135,530,441.9,1
-1000,-130,0,0
0,-4730,0,0
2340.6,-1390,665.3,0
36.3,3880,426.8,0
6711,-260,937.9,1
0,-22720,0,1
0,-3000,0,0
1150.2,-940,386.2,1
2583.4,-2360,774.1,0
156906.7,3450,1000,0
113.4,2720,364.2,1
63.2,-200,416.2,0
-982.1,-10800,1000,0
-223.5,-610,1000,0
-683.4,-350,1000,0
346.8,-3170,1000,1
0,-700,0,0
61.1,1122,748.3,1
0,-3240,0,1
161.4,190,796.8,1
-17.5,1050,462.5,1
396.2,-1970,386.7,1
20.4,-1803.9,355.5,1
0,-130,0,0
45,11710,546.6,1
-214.8,-680,991,0
196.2,2850,671,1
-325.3,-910,120.5,0
125.2,2800,399.2,1
265.9,-200,706.9,1
0,-480,0,0
-719.8,-640,-1730.7,0
76,-80,625.8,0
495.3,-6460,352.1,1
-343.9,-1100,965.6,1
8083.7,-7820,1000,0
115.9,-5000,716.8,0
0,-3800,0,0
9837.8,-56140,-2506.2,0
15.2,220,327.5,0
47.5,-740,555.1,1
0,-2250,0,1
177.4,1860,330.5,1
0,-11300,1000,1
-64.1,-520,1000,0
394.5,-1790,1000,1
0,-1970,0,0
392.8,-10780,328.1,1
23.9,-230,434.4,1
106,-500,724.5,1
0,-5460,0,0
0,-240,0,0
716.3,-310,1000,1
0,-30450,0,0
0,-14200,0,1
0,-2000,0,0
30,910,157.5,0
-408.3,-2430,1000,0
-48.2,-1750,273.5,1
56.6,2460,1000,0
269.1,2330,859.7,1
114.5,1270,407.4,1
-568.3,-710,1000,0
0,-59580,0,0
0,-69080,0,0
153.6,7060,902.3,1
-35.9,390,426.3,1
10307.2,-10640,1000,1
0,-920,685.3,0
91.9,980,766.5,1
-221.5,90,535.8,0
-272.4,-2970,1000,0
0,-900,0,0
95.8,-830,237,0
143.3,520,619.8,1
0,-1440,0,0
9285.3,-1310,1000,1
-214.5,600,1000,1
34.5,-520,157.7,1
75.1,-210,715.8,1
0,-1200,0,0
285.3,-270,576,0
360.2,1450,116.1,0
3513.6,-63740,1000,1
-6.2,-357301,-15269.1,0
-33.1,-1800,1000,0
3722.4,-2230,1000,0
386.1,-6940,653.8,1
12.3,-5090,739.6,0
0,-14550,1000,1
83.6,1730,315.6,1
31.5,2113.4,573.5,0
-81.7,-520,418.2,0
36.6,70,508.4,0
4717.3,-35250,1000,1
0,-4040,0,1
60.3,2980,57.2,1
0,-1110,0,0
0,-6150,0,1
132.3,3220,330.7,1
-662.5,-2000,1000,1
374.6,-54410,574.5,0
-123.1,480,322.7,1
-789.1,-1070,1000,1
0.8,840,620.9,1
732.4,-6460,985.1,0
701.8,-1290,482.4,0
193.4,430,799.2,1
3499.5,-13650,828.8,0
116.4,-930,570.9,0
317.8,590,858.4,1
19.9,3080,541.8,1
-379.3,-3240,1000,1
0,3090,0,0
0,-32410,0,1
-389,-160,327.8,0
151.9,3010,702.7,0
0,-5620,0,0
2763.7,-600,1000,0
-14.2,1720,489.6,1
0,-1340,0,0
0,-2037002,0,0
-744.3,-1630,1000,1
101.4,240,681.2,1
0,-5100,0,0
93589.7,-4800,-1355.3,1
149.9,1050,436.4,1
176.7,1120,267.6,0
567.1,-60,1000,0
271.9,-2280,742.9,0
27.5,1510,330.3,1
-67.8,250,559,1
293.3,980,747.9,1
0,-1670,0,1
0,-4670,0,0
93.2,-310,1000,0
-1000,-2020,0,1
0,-2000,0,1
0,-2070,0,0
132.2,10,696.7,0
928.4,-1810,367.4,0
489.4,1880,1000,0
33.2,70,454.1,0
515.6,-2800,555.6,1
33.1,-1540,414.8,0
543,-52801,171.2,0
491.7,330,493.3,1
412.6,-180,660,1
860.6,2610,795,0
-578.7,-18160,1000,0
368.2,1370,95.4,1
-1000,-1270,0,0
-552.6,-4150,1000,0
-83.7,-250,243.5,1
-29.7,1170,546,0
531.6,-410,1000,1
394,1620,476.6,1
27.5,260,631.2,0
1558.2,-1590,1000,0
92.7,257.9,814.6,1
0,-132930.5,0,1
146.8,440,397.6,1
155.3,1570,249.7,1
-734.5,-850,1000,1
-75.5,-1800,1000,0
131.6,8140,763.9,1
310,20,467.6,1
178.2,-3960,1000,0
0,-3400,0,0
30.4,5790,289.5,1
0,-14510,0,1
0,-1350,0,0
1152,-1610,735.1,1
0,-44000,1000,0
0,-4470,0,0
-121.9,-130,941.1,1
-100,-9450,-11844.4,1
-82.9,-34040,1000,0
5.4,-1820,835.5,0
-414.9,-12.1,1000,1
0,-7820,0,0
312.2,-610,705,1
23.3,880,860.4,0
0,-2690,882.1,0
-395.3,-1670,1000,0
15170.3,-53060,1000,0
0,-320,821.2,0
0,-3860,0,1
135.8,800,152.1,1
1488,-158500,-157.2,0
50716.8,-7460,652.8,1
59.3,-100,295.4,0
0,-2510,0,0
-831.7,-441000,1000,0
314.9,-1250,772.8,0
327.5,-10,509.1,0
192.2,578,495.5,1
0,-960,0,1
0,-780,0,0
-713.1,-670,866.9,0
68.3,-750,1000,1
0,-150000,0,0
-407.9,-1016000,444.4,1
11.7,-460,754.1,1
0,-880,0,1
0,-950,-9752.9,1
0,-3000,0,0
-326.8,-55600,965,0
-1000,-1080,0,1
130.7,740,411.8,0
0,-1440,0,0
1150.3,-8000,1000,0
-334.3,-290,1000,0
0,-13840,0,0
-467.8,-7130,1000,0
0,-20750,0,1
0,-38250,0,0
-925.5,-1040,1000,0
1887.2,-1070,507.8,0
4875.8,-858601,1000,0
0,-2020,0,0
-279.3,-4300,1000,0
745.1,-1360,565.2,0
2484.6,-230,729.6,0
2856.1,-790,902.7,1
0.9,-52474,220.8,0
0,-10270,0,1
0,-54080,0,1
0,-19320,1000,0
0,-270,0,0
829.8,0,1000,0
0,-560,0,1
-179.6,1331.7,1000,1
0,-1410,0,1
198.5,-4460,1000,0
2466.5,-269850,1000,0
-53.8,-2220,591.1,0
67.5,150,712.2,1
-176.4,-1400,1000,0
348.3,-1370,134.3,1
0,-660,0,1
0,-18300,0,0
-930.1,-305340,1000,0
0,-2670,0,0
0,-2790,0,1
-441.8,-4200,971,0
24.1,-17800,213.1,0
-796.4,-600,1000,0
0,-610,0,1
0,-5480,0,0
1754.2,-1790,570.8,1
-396.9,-1029.1,1000,0
406.4,2610,801.8,0
1374.9,-1319.6,1000,0
19.4,3040,605.2,1
0,-515600,0,0
0,-320,0,1
0,-1.02E+11,0,0
-141.8,-6440,1000,0
-115.5,24300,614.4,0
-421.7,-310187810,278.2,0
583500,1200,850.3,0
-1000,-1850,0,1
104.9,3240,1000,1
0,-360,1000,0
-936.5,-109800,1000,0
-155.5,-2250,381.3,0
-1000,-380,0,1
44.3,-492000,534.1,0
276.4,-1280,515,0
-106.6,-1040,320.5,1
121.3,-120,348.2,0
1184.5,-3200,245.5,1
387.7,-1330,457.7,0
-135.1,-53273300,419.2,1
-92.6,-159500,1000,0
-431.1,-51000,1000,0
4000,-12684013,1000,0
152.2,140,863.1,0
0,-666000,-53176.5,1
0,-415660,0,0
0,-1600,0,1
-302.8,-243.7,129.3,0
80.7,-54720,944.9,1
-652.1,-840,1000,1
0,-1790,0,0
0,-19800,0,0
194.5,-560,670.4,0
0,-140,0,0
0,-2954,212.3,1
237.4,-5280,734.5,0
66.4,14200,486.8,1
-56.6,-700,201.1,0
0,-16800,0,1
0,-7560,0,0
-26.7,720,1000,1
0,-14160,0,0
599.6,-10680,1000,0
126.2,1300,299.2,1
-21,-24.2,418.2,1
613.3,-3020,292.7,0
1171.2,-1410,-47.1,0
380.3,230,782.5,1
0,-23400,0,0
0,-32400,0,0
-89.4,-1600,606.8,1
0,-6570,0,1
-608.1,-15480,1000,0
0,-9195009,0,0
0,-11200,0,1
-829.3,-10000,1000,0
0,-2770000,0,1
149.7,760,470.8,0
37.1,4110,1000,0
68.3,-21120,631.1,0
0,-3160,1000,1
-17.5,-530,512.1,0
4.2,-44815,1000,0
0,-493.4,0,1
-998.2,-28060,1000,0
0,-200,0,0
0,-81080,0,0
-123.2,-190,342.4,0
-363.9,-77000,1000,0
-244.7,-1590,709.2,0
114,-130,323.9,0
0,-680,0,0
-308.3,-310,490.3,1
-208.9,-30,326,1
0,-10000,0,0
0,-35.6,0,0
0,-10294.9,0,0
8511.9,-5300,1000,0
1692.3,-7320,359.1,0
-563.9,600,1000,0
55.4,446.1,547.6,0
-64.4,-120,391.2,1
-820,-66210,1000,0
223,-16800,126,0
0,-175300,0,0
654.5,-12100,1000,0
-666.7,-3300,1000,0
12333.3,-16000,1000,0
322.7,750,123.3,0
-70.9,-110,365.1,0
25.4,-160,686.6,0
0,-32160,0,0
-174.6,-580,330.9,0
0,-2200,0,0
0,-138000,0,0
-408.2,-32050,801,0
-314.9,-993.4,661.4,1
264.6,-60,585.6,1
-989.9,-10800,139.8,0
-192.4,-29.2,1000,1
-67.6,-160,-46.6,0
6.3,-370,211.7,1
-744.6,-4482.1,1000,0
-39.2,-20,271.7,1
-625.2,-4410,350.1,0
-201.7,-1182,1000,0
127.9,240,192.7,0
32.1,-80,648.6,1
150.6,190,652.2,0
4.8,-15264.8,1000,0
7.5,-1560,575.2,0
-37.9,-17080,541.9,1
4549.9,-4800,747.2,0
-696.9,-7650,538.9,0
0,-5400,0,0
711.8,-8125000,769.4,0
0,-620,0,1
-117.3,-140,274.3,0
86.9,600,518.3,0
-118.3,-470,642.5,1
-1000,-52100,0,1
707.1,-15150,-4393.4,0
-224.5,-60,598.3,0
-1000,-2700,0,1
408.2,-8000,707.6,0
-576.1,-7260,901.4,0
0,-900,0,0
0,-1100,0,0
63.7,1620,1000,1
100.6,90,615.3,1
-30.8,-19530,434.5,0
-19.3,310,84.5,0
98.2,1520,447.7,1
526.5,1710.5,745.4,0
3.2,1750,88.6,1
57.3,2140,345.9,1
-71.1,1460,498.2,0
36.7,1390,398.7,0
83.7,4310,458.8,1
310.8,3120,141.3,1
26.9,-310,412.9,1
27.7,1570,343.9,1
131.9,1670,661,0
64.6,40,810.8,1
144.9,10260,173,0
564.5,-380,623.5,0
-33.4,1810,379.9,0
-33.3,7250,389.7,0
1.9,410,547.8,0
106.3,1370,583,1
59.1,3520,468.9,0
9,580,596.8,1
54.3,3780,341.5,1
-56,1108,303.5,0
282.1,1570,218.9,1
40.7,1730,480.1,1
58.2,1140,360.4,1
7.2,220,594.6,1
-86.7,-5130,294.5,1
-39.6,126.8,464.4,0
7.8,1220,346.8,1
8.8,3930,401.2,0
588.5,-2360,275.7,1
-53,2810,686,0
331.4,1260,393.5,1
-25,563,128.7,1
161.1,1930,528,0
322.6,490,490.3,1
467.3,830,437.2,1
112.1,1210,432.6,1
64.6,2750,312.9,0
-53.1,270,185.6,0
59.7,1500,285.1,1
-12.9,4080,364.9,0
61.6,2180,206,1
40.5,2420,485.5,0
12,1695,194.5,1
130.6,-660,234.1,0
462.7,1910,212.1,0
272.8,482.7,395.3,0
17.2,3020,294.4,0
30,3120,411.1,1
62.4,1420,580.6,0
216.2,1640,377.3,1
-175.4,330,303,1
31.8,2780,389.7,0
-12.4,4410,143.4,0
-48.9,430,337,1
5.7,1300,311.8,0
-22.5,1970,142.8,0
-106.6,1560,231.4,0
36.2,1540,495.6,0
-40.3,2410,273.8,1
227.6,1900,340.5,0
-71.8,9130,233.3,1
63.6,660,99,1
29.8,4500,195.4,1
-4.2,3480,167.2,1
287.7,910,450.8,1
25.1,1270,271,0
52.2,2890,327.9,1
54,4850,396.9,0
79.2,2600,142.5,0
15.8,1213,351.3,0
-87.3,710,625.6,0
25.6,2550,129.3,0
80.9,310,554.3,1
90.1,3030,344.2,1
104.4,1920,376.3,0
5.7,710,317.6,0
336.5,580,203.7,0
-123.8,605.3,340.4,1
75.9,730,166.4,0
173.8,990,391.8,0
14.3,3450,342.8,1
440.1,-2970,235.9,1
8.4,1055,191.6,1
49.7,5080,195.2,1
-259.9,-480,447.1,1
176.8,1640,110,0
83.7,980,340.6,1
208,3090,795.4,1
34.8,1010,383.7,0
46.2,2690,463.4,0
4.6,-220,492.7,0
27.4,1070,363.4,0
318.5,1580,967.9,1
300,470,359.1,0
-0.8,5530,525.4,0
45.8,-1160,720.2,0
24.1,1480,544.4,0
-15.6,680,320.5,0
-106.1,5380,385.8,0
36.6,3340,195.4,0
-23.6,4850,381,1
152.4,1850,141.5,0
56.7,4590,375.5,0
45.7,370,338.7,1
52.6,2040,425.1,0
413.5,2170,209.1,0
19.6,-2574.4,314.5,0
-45.6,410,402.1,0
202.8,3170,352.5,1
110.6,600,388,0
-3.9,2180,261.1,0
111.9,710,402.7,1
21,2330,192.3,0
-27.9,-1230,456.3,1
50.3,4270,1000,1
61.9,7300,276.1,1
220.6,660,322.2,1
-12.3,3080,417.2,1
47.8,3240,602.9,1
90.8,3570,156.4,0
500,-6440,131.5,1
106.3,2960,298.3,1
122.5,3357.6,383,0
278.3,590,351.2,0
59.3,800,551,1
166.4,198.6,218.9,1
-67.4,-2340,434.1,1
87.5,3360,133.4,1
638.1,4690,636.4,1
225.4,1980,297.9,1
78.8,2050,617.3,0
50.8,20600,427.2,0
71.2,190,512.1,0
52.4,1970,280.5,1
88.7,3890,255.8,0
85.3,2890,388.4,0
116.8,2890,211.5,0
14.3,880,403.6,0
-26.3,1000,184.7,0
123,1510,354.7,1
177.6,1630,714.3,0
637.5,-2770,524.5,0
-94.8,-520,120.1,0
33.5,3770,383,0
450,2190,464.4,1
45.2,70,803.3,1
-33.8,-1550,58,1
60,-490,283.5,0
52.4,210,403.5,1
55.2,2260,222.4,0
28.7,1380,323.4,1
566.8,2090,249.4,1
-8.9,7100,368.8,0
147,2200,131.1,0
-24.1,2350,371.2,0
7.5,1390,535.7,1
-56.5,570,392.7,1
-204,-2340,226.1,0
483.1,280,327.3,0
72.7,8550,578.5,0
104.1,1270,458.7,0
89.8,4640,299.4,0
-19.7,660,170.9,0
-46,1830,370.2,0
85.2,7460,514,1
55.7,3900,391.8,0
-24.5,4280,660.8,0
112.2,1250,204.5,1
65.5,1040,342.2,0
123.1,260,128.2,0
-46.5,5290,33.3,0
-20.8,1660,375.5,0
119.4,790,207.6,1
-24.9,130,1000,0
90.9,990,748.1,0
18.2,180,258,0
186,6860,294.5,0
-6,1710,440.3,0
173.9,820,225.7,1
66.9,530,154.9,1
50.9,2840,151.9,1
49.6,2560,157,1
40.6,2740,363,0
1354.3,1370,268.2,1
278,14350,272.1,0
48.8,1670,787.4,1
148.3,12360,517.3,1
320.9,-350,611.4,0
596.8,3990,210.1,0
21,380,293.7,0
151.6,-430,347.4,0
562.8,1410,208.5,0
75.3,-1660,281.7,0
110.6,1780,231.6,0
-39.6,-350,407.8,0
80.2,2500,286.4,1
246.6,1970,454.6,1
2,1611.3,256.8,0
95.7,1320,269.9,0
396.7,2010,159.9,0
49.8,-210,180.3,1
96.2,1790,211.8,0
463.8,-480,402.6,1
147.9,370,186.4,0
124.6,750,307.8,1
87.7,690,209,1
66.4,2630,270.1,1
143.2,-420,266,0
82.1,1540,361.4,0
153.6,180,769.1,1
422.3,-1860,421.5,1
354.7,1770,515.4,0
16.1,830,555.3,0
-8.9,1450,550.4,0
110.1,1090,231.8,1
52.4,3700,166.1,0
-55.9,330,67.4,0
47.2,2320,399.2,0
92,8390,84.2,1
44.1,-1230,145.7,1
73.8,2750,161.2,0
48,4870,305.8,0
40,1860,148.5,0
68.8,470,259,0
54.8,1440,153.3,1
159.2,3369,233.1,1
114.3,3820,145.7,0
114.6,51250,188.5,0
366.7,3620,547.9,1
213.2,1790,384.8,1
29.9,380,536.6,0
22.7,1920,572.7,0
32,2210,181,0
254.3,600,512.2,1
80.4,1475,279.1,1
986.8,-100,435.2,0
59.1,-2870,587.5,0
4.5,1560,191.3,0
213.5,7340,315.3,1
194.5,3650,214,0
380,2610,472.1,1
775.6,-2123.5,64,1
46,2110,455.6,0
-1.8,2540,613.9,0
68.2,-400,304.1,1
95.9,960,950.7,0
116,-550,416.6,0
242.7,46300,898.4,1
115.5,2030,333.3,0
172.5,2600,214.1,1
126.7,2290,225.6,0
34.8,1330,293.1,0
22.1,1880,490.1,1
130.9,2500,382.2,0
-15.9,1310,391.3,0
35.8,32160,520.8,1
66.1,11183.5,190.4,1
345.6,5310,152.7,1
28.3,240,417.4,0
263.7,-4690,217.6,0
14.8,5550,674.8,0
492.9,-780,273,0
-14.5,2470,454.5,0
189.8,3170,149.7,0
46.5,1750,312.7,0
93.4,655,435.5,0
-930.8,-410,810.8,0
-467.1,1490,636.9,0
3.6,3410,442.5,0
-20.9,8100,64.7,0
122.5,840,229.4,0
135.8,1720,384.8,1
174.3,-480,359.1,0
437.5,70,623.1,0
-96.6,905,554.8,0
111.9,520,675.3,1
236.6,1280,161.1,1
-98,90,588.2,1
256.8,2100,703.1,1
143.2,350,696.5,0
136.8,1330,180,0
27.2,840,392.6,0
67.5,2250,364.6,0
192.5,350,318.6,1
217.9,410,328.9,0
-100,669.8,652.5,1
2.3,21400,1000,0
-62.6,-2450,314.3,0
5.1,-30,460.7,0
30.9,2950,324.3,1
99.9,3730,164.8,0
-25.4,1860,379.1,0
1117.6,1030,215,1
199.4,700,180.4,1
-49.6,30,366.1,0
41.1,1670.7,454.9,0
73.3,1740,353.4,0
1187.5,742.7,907,1
42.6,890,241.9,1
82.2,1150,864.7,1
108.5,1350,253.9,0
-137.9,-1410,72.3,0
128.1,1990,535.3,0
36.7,590,277.2,1
-20.2,970,573,0
392.1,-1410,322.2,0
91,150,713.5,0
67.5,-2370,513.3,1
150.5,380,305.8,0
29.1,6290,384.7,0
-34.8,-2840,575.4,0
73.7,470,250.2,1
450.6,0,510.7,0
-120.1,2000,321.9,1
1.7,-1750,288.9,1
-8.7,880,249.9,0
-119.6,1040,733.3,0
-5.2,850,526.1,1
279.9,1030,291.1,1
88,1330,644.9,1
59.1,120,202.1,1
-15.7,6417.4,873,1
-6.6,2750,566.5,1
215.6,1280,172.3,0
-11.5,1080,223.5,1
165.7,110,363.3,0
74.4,570,138.5,1
55.5,2020,926.9,0
122.2,1870,295.1,0
85,950,468.8,1
-3.4,1880,295.4,1
169,1300,336.6,0
65.2,-1010,179.3,0
7.7,3980,494.9,0
58.2,65830,184.3,1
846.9,-40,1000,0
102,130,127.8,1
25.3,580,290.7,0
0,-490,1000,1
-23.6,1740,601.2,0
23.9,45,596.8,1
135.6,2070,228.6,1
13.7,690,823.8,0
66.6,-270,258.6,0
-38.5,-5020,206.4,0
-66.1,230,230.4,1
253.3,-1550,165.8,0
45.5,740,239.7,1
124.9,210,246.1,0
52.5,195810,539,0
61.2,860,309.6,1
32.4,440,546.5,1
67.3,1760,384,0
123.4,190,295,0
-31,-1100,284.4,0
139.4,710,281.3,0
52.7,2360,486.3,0
307.7,-600,380,0
172.1,1880,210.8,0
147.8,50,411.7,1
175.7,-450,541.8,1
61.1,650,304.2,0
180.7,-110,234.9,0
1416.9,-4810,164.3,0
800.7,290,137.5,0
121.8,430,364,0
561.9,1780,383.3,1
179.2,1970,224,1
67.1,1490,733.8,1
500.1,-1000,454.7,1
-11.2,510,271.2,0
-80.8,-2600,169.9,0
-2.5,930,396.4,0
219.2,1320,107.5,1
295.4,850,350.3,1
50.3,16850,211.2,0
0.6,1080,264.7,0
60.5,880,535.4,1
286.5,-4600,722.8,0
68.3,1430,170.3,1
-76.7,-120,189.3,1
-161,-1100,447,1
96.7,-3000,572,0
259.8,420,196.5,0
25.3,-180,70.3,0
168.5,4700,188.8,0
65.7,760,624.8,0
-141.5,5000,375.7,1
-36.5,1520,121,0
583.8,-147500,736.3,0
-12.3,4150,432.7,0
-487,-10800,399.3,0
84.6,1490,301.7,0
-197.3,0,205.5,1
2618.5,-10200,85.3,0
124.3,1150,187.4,0
37.1,580,721,1
31.6,160,245.6,1
57,1850,200.3,0
-187.8,-370,178.8,0
176.1,65.6,521.8,0
152.5,460,868.4,0
-233.2,-460,88.9,0
-11,90,405.1,0
46.2,4320,224.9,0
37.5,850,297.6,0
250.1,1110,265.7,0
-86.5,-3526,-60.3,1
79.2,-120,196.5,1
196.2,640,265.4,0
-637.9,-1800,459.9,0
211.9,-120,128.1,0
-107.5,3800,669,0
-52.2,20,447.9,0
0,-50405,0,0
-409.1,4060,330,0
30.5,-120,363.5,0
334.9,248.7,1000,1
-56.2,43090,540.6,0
128.2,-28000,80.5,0
-95.8,-5447.9,275.2,1
798.2,300,91.9,0
179.3,-50,183.8,0
34.9,2570,265.5,0
303.4,-170,771.2,0
141.8,-60,109.4,0
12152.8,160,908,1
-16.3,-1320,679,1
198.9,-9800,461.6,0
97.7,3960,930.5,1
572.9,-90,996.5,1
34.8,1510,264.1,1
68.5,790,388.9,1
47.8,7470,154.4,1
69.1,1360,522.9,1
43.8,1583,405.3,0
102.6,1010,583.3,1
51.2,1650,587.4,1
53.5,1930,285.2,0
82.8,1720,709.2,1
30.8,7630,483.1,0
-455.5,640,174.9,0
16.2,3050,512.7,0
-45.7,8710,313.1,0
594.8,4020,481,0
-8.5,3970,250.8,0
83.5,4650,383.6,0
-37.1,7190,242.3,1
-48.5,1620,232.8,1
23,6920,293.6,0
-281.2,3050,437.7,0
83.1,3170,409.3,1
2420.3,4610,960.6,1
23,3780,306.2,0
44.5,-30,89.6,0
32,5400,281.6,1
-57.2,-1710,172.4,1
92.2,5770,694.4,0
-119.3,11410,117.2,1
66.4,1450,137.4,0
50.4,3310,909.8,0
-2.5,7560,190.4,1
208.3,1350,150.9,0
651.4,3000,342.1,0
45.9,1540,359,1
-820.6,8028004014,651.3,0
95.7,2010,316.2,0
-212.8,3240,65,0
28.9,7560,625.8,0
66.6,1520,413.5,1
55.9,11590,432.9,0
111,9040,252.9,0
-37.9,520,215.7,0
33.7,6440,638.6,0
73.8,1290,440.9,1
24.7,7330,401.2,1
30.8,1680,568.7,0
-27.7,9910,233.6,1
339.8,4370,775.2,0
46.7,310,370.3,0
-111.8,3660,173.7,0
23.9,710,305.1,1
109.4,3830,185.1,0
43.8,3440,303.2,0
49.3,1460,296.1,0
-98.7,160,260.1,0
87.7,4560,613.1,0
1090.3,540,761.3,0
104,3200,384.2,0
79.7,1920,301.8,1
54.3,1370,477,0
124.6,310,106.6,1
-11.6,7349.4,640.3,0
-333.3,1130,347.2,0
440.8,-150,253.9,1
60.3,-370,335.3,0
122.5,835,508.2,0
52.3,2200,311.4,1
2355.5,-2000,161.9,0
-98.6,4390,212.5,1
69,2320,230.5,0
147.3,5540,427.8,0
121.7,4690,1000,1
-117.5,-8660,-10.2,1
52.3,1515,431.3,1
167.6,3100,488.6,0
31.9,-10,312.7,0
41.9,700,316.2,0
-28,1680,298,0
15.4,6980,229.1,0
-164.8,-1310,325.7,1
16.5,460,714,1
23.5,1820,403,1
8.6,1825,198.8,0
93.9,1150,364.7,1
-96.1,-1350,235.1,0
413.4,4350,251.2,0
74.2,-420,673.1,1
106.4,2542,330.9,1
-120.6,-900,424,0
61.1,3480,442,0
57.5,3030,653.3,1
42.8,5980,415.8,0
0.9,2800,356.8,1
105.8,2280,409.6,0
223.4,2510,1000,0
233.1,3160,534.3,1
-121.7,1912.4,499.4,0
50.7,3321.9,497.9,0
79.3,30,109,0
492.2,880,881.8,0
122,-200,149.1,0
78,1247,452.5,1
50.1,1350,105.2,1
0,0,0,1
41.1,4470,545.3,1
-225.9,2910,191.7,0
-48.2,-20,115.5,0
-94.3,-1770,422.1,0
102.7,-90,616.6,1
20.6,1840,386.4,0
126.2,1180,185.8,1
-3.8,390,203.1,0
503.8,1060,297.2,0
75.8,2220,112.5,0
327.1,730,177.5,0
59.2,800,755.1,0
38.5,1090,226.8,1
57,350,293.7,0
13.4,1890,291.9,0
0.5,810,473.1,1
69.2,870,395.4,1
99.2,3060,319.8,0
-23.4,1550,310.4,0
-43.4,2480,183.6,0
203.5,830,332.5,0
218.1,980,353.9,0
20.8,534,516.2,0
56.3,3990,637.8,0
25.3,5380,168,1
193.7,380,617.2,0
334,240,170,0
177.6,1960,379,1
-7.5,2599,1000,0
8,1660,560.2,0
74.2,2510,163.4,0
33.7,2500,287.5,1
64.3,1540,355.9,1
493.6,1200,336.9,0
186.3,3660,307.4,0
-430.5,4280,202.7,0
297.7,16540,452.6,1
56.3,3060,149,0
-64.3,-477,204.2,0
207.9,-3100,288.6,0
140.6,2550,160,1
20.6,1820,691.7,0
71.5,-500,471.7,1
139.2,880,124.8,0
306.1,1480,727.4,1
-15.5,3750,350.6,0
133.1,4780,250.8,0
122.5,932,351.8,0
-62.1,270,205.1,1
196.8,2190,157.5,1
496.5,970,643.9,0
2.9,-7600,117.7,0
20.1,6930,203.7,1
19.6,2370,454.5,0
24.9,2360,48.2,0
192.6,3840,428.2,0
46.8,-1010,163.9,0
92,820,348.1,1
63.4,-550,275.5,0
-315.6,1770,205.5,0
302.7,1610,247,1
75.4,1770,446.5,0
-139.4,9280,216.2,0
16.4,3990,226.3,0
34.2,4140,208.7,0
75,1700,627.2,1
-12.5,3300,338.1,0
733,180,389.3,1
85.9,4080,463,0
15,1790,354.9,0
1966.2,150,530.1,0
47.8,-3920,360.8,0
1108.7,-1000,316.1,0
92.9,-580,287.4,1
206,1080,868.4,0
162.6,-860,122.3,0
95.3,1810,135.6,0
104.4,3880,554.6,0
877.1,70,458.6,1
52.6,4300,268.2,1
-566.5,-2640,427.4,0
59.3,2200,420.9,1
-103.2,2410,639.4,1
-26.9,-610,1000,0
203,2470,835.3,0
388.8,670,472.9,1
37.1,8150,549,0
45.7,1510,220.7,1
286.4,1510,552.6,1
147.3,12600,929,0
67,370,963.1,1
144.6,4950,339.6,0
156.1,2160,342.6,0
-31.3,220,86.4,0
121.4,-6500,325.6,0
33.1,-4000,383.4,0
3.7,650,105.4,1
192.6,3100,768.5,0
9.1,2300,754,0
96.2,6470,592.2,1
29.3,850,879.7,0
279.2,1590,592.3,0
2.5,-1370,374.6,0
98.4,4550,527.3,0
134.1,3780,461.5,0
106.1,1250,546,0
13.2,2690,300,0
-18.3,-470,587.5,1
65.6,950,341.8,0
188.4,1160,91.7,0
63.2,2020,326.4,0
50.1,6210,204.2,0
58.1,-930,497.6,0
177.4,-280,345.9,0
209.1,1320,635.2,1
329.2,-3800,313.1,1
254.8,3970,146.2,0
44.9,4710,690.9,0
117.1,2590,56.2,1
106.2,2040,376.3,0
174.8,590,552.5,1
334,510,322.3,0
-6.5,170,407.8,0
41.8,-3000,91.9,0
343.5,340,439.7,0
12.2,3125.6,200.2,0
45.7,1730,140.3,0
103.1,180,114.6,0
135.3,-360,144,0
437.9,410,569.7,0
-61.2,660,272,0
105.6,2160,274.2,1
14.4,2540,141.2,1
-143.8,544.8,383.6,0
103.9,1570,319.1,0
58.5,1410,103.7,0
-123.9,-2430,74.2,0
7.3,1820,189.1,0
277.7,2150,265.8,1
-293.2,-360,549.3,1
219.9,-980,210.3,1
73,1220,113.1,0
609.8,640,465.6,0
-1.8,590,186.2,0
-6.2,-20,293.2,0
1575.9,1520,455.8,0
409.6,-1020,255.4,1
53.5,1040,268.9,1
168.4,1380,735.4,0
-0.9,2690,279.3,0
276.1,4610,79.4,1
-43,810,313.7,0
132.4,1440,323.2,1
108.1,17510,436.5,1
-54.8,7150,258.8,0
155.2,1250,991.2,1
62.8,1480,348.2,0
139.6,5200,1000,0
273.7,60,313.4,0
2.5,180,303.2,0
43.5,990,334,1
0,-4430,979.8,1
-239.7,510,204,0
195.1,3090,148.5,0
169.3,160,315.8,0
81.4,-420,121.8,0
62.5,620,124.6,1
117,2120,646,0
375.4,21500,308.5,0
-204,2180,98.7,0
-54.6,1850,169,0
124.1,2170,645.8,0
115.6,1212.5,729.3,0
404.2,6220,344.5,0
-174.7,60,545.3,0
576.8,-390,442.2,1
68.1,3360,867.4,0
196.9,1990,502.3,0
5261.6,-2560,449.3,0
-13.8,3220,337.4,0
55.5,420,498.6,1
-93.8,-260,313.6,0
12,710,238.6,1
171.7,1510,924.5,1
346.4,1310,214.6,1
284.9,1620,612.6,0
127,3280,347.5,0
-105.5,4010,276.7,0
2485.1,3120,327.3,0
-140.5,5380,322,1
48.1,610,371.9,1
67.6,-190,444.2,0
-167.2,1050,87.9,0
139.3,-80,199.8,1
66.4,1300,454.7,1
93,2780,428.8,0
163.9,3520,340.4,0
50.3,1170,206.4,0
5.5,3730,918,0
309.2,460,212.3,0
308.7,1200,972.9,0
39.3,2630,393.4,1
42,180,318.8,1
33.2,220,197.1,0
197.5,320,399.1,1
233.9,900,625.8,0
185.1,-3570,52.5,1
-45.1,405.5,242.8,1
-19.1,2850,305.5,0
-23.6,820,487.4,0
230.2,530,858.3,0
133.7,2890,307.7,1
109.5,1530,267.1,0
45.1,525,171.3,1
-944.7,-3740,813.2,0
19.5,510,380.5,1
-45.1,5160.7,566.6,1
88.5,1750,580.8,1
40,850,242.1,0
135.1,1500,303.6,0
-61.6,2893.2,790.6,1
24.6,180,187,1
588.4,960,416.9,1
944.6,1960,252.7,0
317.4,2340,273.6,1
1224.5,1780,325.8,0
20.4,1040,419.8,0
95.4,-220,513.7,0
102.7,-10,145.3,0
92.9,1010,267.9,1
806,1190,366,1
37.8,6610,161.8,0
-30.8,-470,282.2,0
47,1650,163.7,1
141.4,4870,323.7,1
27.3,1420,357.9,0
1061.1,490,70.7,0
39.4,610,177,1
136.2,1690,1000,0
-823.2,-770,1000,0
71.5,2890,543,0
177.9,790,277.4,1
-56.6,300,103.9,0
88.2,250,115.6,0
-629.6,-124993,1000,0
110.5,1380,247.3,0
180,1420,983.4,1
-183.7,2850,346.7,0
0,-3100,0,0
1,3025266,502.6,0
85.3,2140,283,1
-151.4,-290,340.5,0
128.2,590,310.5,0
-26.2,1010,311.2,0
27.1,2590,225.8,0
-208.9,1990,310.7,1
40.8,1470,286.1,1
-156.5,-120,291,1
27.6,610,163.3,0
445.9,500,384.4,0
163.8,1590,483.7,1
-28.3,1180,302.4,0
537.3,1369,788.4,0
310.3,-1620,165.5,0
-49.7,1680,113.7,0
36.8,2920,351.8,1
123.2,120,284.2,0
0.9,2179.5,379.1,1
110.8,90,196.6,1
136.9,-1710,192.1,0
48.4,580,595.6,0
208.5,-540,48.2,0
-41.2,-320,103.3,0
102.4,761.7,135.8,0
37.1,1514.6,548.5,0
-521.8,-2980,-749,0
16.7,500,265.1,1
14.8,-1610,74.2,0
-73.7,-3080,139.5,0
16.4,240,191,0
85.5,610,436.6,0
-16.6,1140,176.7,0
36,290,162.2,1
65.6,-300,182.8,0
-173.7,3820,234.2,1
10.8,2430,193.7,0
12.7,420,156.3,0
-32.1,800,648.2,0
22.5,-280,177.3,1
-74.9,320,292.7,0
-100.9,1810,120.5,0
32.7,1050,113.1,0
230.1,3470,225.5,1
-764.5,-430.3,343.4,0
-688.9,2800,258.1,0
-182.4,240,195.5,1
112,-1520,238.2,0
152.9,1510,210.7,0
107.9,840,383,0
11.3,4010,278.9,1
86.4,320,543,0
-50.8,1490,198.2,1
-310.9,-14400,422.8,0
61.9,395,183.1,0
53.3,4600,233.6,0
517,110,175.4,0
-234.7,190,1000,0
169.3,160,449.4,0
-143.9,-560,336.4,0
-29.1,-110,198.9,0
46.9,-420,87.2,0
20.8,1583,1000,1
11.8,-40,256.7,1
565.1,-400,411.8,0
15.4,2510,200.3,0
-277.3,-780,444.6,0
505.2,210,444.8,0
145.9,3770,170.1,0
343.8,2990,230.2,0
174.9,-270,305.8,0
0,-1500,0,0
-182.4,-1940,225.9,0
79.1,1453,230,1
-29.5,311440,104.7,0
98.8,910,957.1,0
0,-770,0,0
-328.1,340,346.2,0
89.9,160,248.7,0
-37.5,-370,293.8,0
-249.1,-7320,739.5,1
23.8,100,219.1,0
-22.2,407,160.8,0
336.4,-38800,1000,1
210.8,310,292.2,0
56.8,230,241.2,0
-994.6,-1300,1000,0
-134.5,-280,170.7,0
-250.6,-420,111,1
1017.1,-360,813.1,1
4985.5,-14500,-1018.3,0
128.2,700,310.5,0
0.5,2020,223.6,0
-61.3,-560,770.5,1
-21.4,-3540,568.8,0
130.6,560,148.1,1
249.9,1580,821.8,0
-48.2,-320,452.8,1
-361.4,220,217.3,0
37.8,-3530,231.7,0
-103.8,11600,470.7,0
-82.6,726.5,580.7,1
45.7,160,237.7,1
17.5,850,220.3,0
-195,-960,-13.1,0
-743.4,-10,505.4,1
-52,-9800,-220.2,1
396.9,10,308.1,0
4878.5,60,404,0
60.1,-500,604,0
2089.2,-2100,280.6,0
17,1090,230.6,0
0,-15680,0,0
105,1330,587,0
0,-1200,0,0
152,990,643.3,0
-233.1,-110,208.7,0
-13.6,560,364.9,1
20.2,1690,779,0
263,-1050,240.1,0
13.7,970,328.1,0
-912.9,450900,-146.3,0
31.5,930,211.7,0
234.1,60,338.3,1
2366.9,460,754.2,0
63.5,3390,332.7,1
14.8,160,200.7,1
-190.8,340,273.1,1
372.5,-290,390.2,0
-18.2,-120,339,1
598.5,-230,46,0
164.8,200,286.8,1
437.2,-500,961.2,0
95.1,1740,662.1,1
-1158.1,-960,1000,0
324.2,1720,1000,1
234.8,1040,630.8,1
103.4,1620,563.4,0
3795.5,-1360,870.8,0
160.7,1460,580.3,0
5.9,1250,690.1,1
61.8,0,604.7,0
649.7,-360,909.6,0
10.6,2124,613,1
143.1,1060,417.3,0
153.6,890,739.8,1
2289.7,1860,1000,0
90.5,1000,632.1,1
-45.3,320,525.2,1
1042.7,1480,830.9,0
-49.8,900,1000,0
2129,-120,809.6,1
30.3,270,577.2,1
1868.9,-340,536.7,0
30,970,309.5,0
-130.4,660,644.8,1
97.4,1670,640.7,1
80.6,600,568.9,1
332.1,-300,623.8,1
1004.3,-240,735.5,0
7.4,980,229.5,0
232.8,150,588.5,0
207,-360,1000,0
506.5,3040,1000,0
6.8,1020,774.6,0
196.5,1040,942.3,1
236.2,370,532.2,0
122.4,2830,639.3,0
748.7,610,997.5,1
72,4520,818.8,1
0,1470,380,0
27,740,662.5,0
-1063.9,-720,1000,0
288.7,290,821.5,0
602.8,2870,966.7,0
33.1,2660,647.8,1
120.6,250,522.6,0
-693.3,920,1000,0
108.6,5250,649.7,0
5.8,4180,587.6,0
77.9,600,696.1,1
361.6,790,1000,0
155.2,380,694.5,1
173.8,380,484.4,0
2238,140,656,0
105.1,1240,1000,1
-157.4,880,566.6,0
41.6,1710,496.2,1
401.3,240,737,1
349.6,50,351.9,0
205.6,1750,1000,0
145.6,540,609.4,1
-63,180,1000,0
87.7,770,671.7,0
55.4,1100,676.3,0
91.5,830,319.4,0
183.9,140,648,1
1510.4,1230,754.9,1
120.6,330,638.5,1
1071.9,40,580,1
84.8,1700,615.7,0
223.9,720,375.4,0
151.7,1010,698.5,1
53.2,810,1000,0
227.1,1480,697.3,0
151.8,5220,650.3,1
561.5,1970,299.5,1
421.5,970,359.7,0
88.7,420,669.8,1
78.7,360,750.4,1
243.1,1540,717.5,1
51.5,2280,696.6,1
-6.4,3290,611,1
249.5,1260,284,0
279.1,2280,832.5,0
24.5,640,263.3,1
111.4,1327,263.6,0
-86,3200,285.7,0
1995,-700,559.8,0
109.6,800,615.8,0
298.2,-280,807.9,0
-139.2,-1672,524.1,0
-95.7,-190,549.8,1
13.5,309,663.4,1
192.3,160,788.2,1
849.9,2590,863.3,1
694.7,20,306.4,1
200.2,360,279.1,1
100.7,1200,629.6,1
100,1800,745.6,1
73.6,10460,600.2,0
89,140,707.7,0
-1773.2,-1890,1000,0
4855,3360,938.5,0
217,8630,1000,1
108.1,5270,718.3,1
160.1,680,696.4,1
-13.6,-440,583,0
67.7,1180,712.4,1
76.4,2420,691.1,1
1465.6,140,524.2,0
590.2,2070,678.1,1
233.4,1050,376.9,0
854.5,2420,757.8,0
64.3,2210,291.9,0
562.4,2320,712.2,0
22635.3,-1290,906.4,1
578.6,0,1000,1
19.4,520,649.1,0
196.6,330,652.5,0
-323.1,1180,1000,0
168.7,130,603.9,0
759.4,-310,775.3,1
284,-140,714.1,0
190.9,400,586.6,0
28904.1,2480,1000,0
93.1,1330,1000,0
90.5,2380,281.4,1
230.7,1240,917,1
192.2,2680,670.5,1
122.4,2870,935.3,1
351.8,-600,469.1,0
-120.3,2620,1000,0
87.3,1530,714.3,0
141.4,1990,720.7,0
512.8,230,721.8,1
-114.7,13650,615,1
182.3,-400,132.7,0
133.2,2010,1000,1
65.5,710,524.4,1
61.5,180,697.8,0
19.9,740,691,1
800.6,-590,593.1,1
1515.6,-960,564.8,1
11472.5,430,1000,1
116.3,590,519.1,1
-154,-750,313.7,0
882.3,450,24.6,0
56.4,-4320,1196.9,0
76.3,1160,1000,1
312.7,1270,388.1,0
4347.4,4400,805.1,1
794.9,-150,941,1
-82.2,-6220,451.1,0
201.7,-2300,178.1,0
705.5,1770,946,0
47.3,4210,662.1,1
9788,2670,1000,0
478.8,510,896.9,0
-95.1,1020,1000,0
135550.6,-730,550.9,0
120.2,1040,314.4,1
383.1,1110,652.3,0
90.5,360,293.2,1
-28.4,690,762.1,0
148.3,-150,448.1,1
202.4,-610,882.7,0
186.3,1370,922,0
18287.4,3380,1000,0
172,860,1000,1
2234.9,350,487.3,0
-652.8,310,1000,0
101.4,3990,1000,1
74.8,1460,648.9,0
0,370,0,1
134.9,270,246.5,0
951.1,-14400,722.3,0
-51.2,-210,644.7,0
211,1200,401.4,1
375.6,-60,266.3,0
-263.1,1670,171.8,1
445,-340,999,0
216.4,3400,236.6,0
779.3,-20,789.3,0
22.2,13290,651.9,0
251.5,4140,952.7,1
-146,1475.3,547.5,1
114.6,750,517.3,1
46.5,1550,764.2,0
-19.3,4740,479.5,1
-16.6,2280,469.6,0
93.3,-32825,245,0
-121.7,-2270,197.2,0
238.9,660,930.5,0
9141.8,-167409,454.2,0
833,720,312.2,0
196.6,220,-251.3,0
-6.2,-120,406.9,0
84.7,-2850,260.2,1
74.9,370,436.3,1
1186.7,940,749.3,0
111.2,265,890.5,1
16.6,650,800.8,1
669.9,-1030,1000,0
28.7,1240,545.9,1
-155.3,-370,764,0
54.2,2420,607.1,1
-3.5,1360,564.9,0
258.3,630,318.3,1
210.6,310,478.8,1
219.7,2020,733.1,0
53.1,2050,377.6,0
260.7,-870,626.3,0
88.9,-500,264.9,0
-408.9,908.9,648.1,0
-107.5,-1520,891.4,1
116.9,-1880,1000,1
-217.8,234,301.6,0
296.9,-80,494.2,1
170.2,-190,719.4,0
-60.1,-1925.9,1000,0
-3.1,4342.9,849.6,0
67.7,710,714.5,0
244.9,-990,480.2,1
-132.1,1201.7,482.9,0
-6.6,2554.1,844.5,0
46.5,-3750,671.4,0
70.8,-340,652.7,0
-106.3,1547.1,507.9,0
48,100,691.7,1
-55.5,2564.5,394.6,0
92,20,579.2,1
56.8,350,618.3,0
2.1,1950,902.6,0
-97.6,-60,425.2,0
239.1,30,707.5,1
-50.4,2090,859.1,0
-122.8,702.2,698.6,0
1373.1,-830,133.5,0
22,-1260,498.7,1
-74,2237.5,1000,0
-38.8,-800,431.1,0
317.6,-850,382.3,1
-36.3,1988,558.5,0
-55,823.4,663.3,0
82.1,1560,442.4,1
65.4,1188.9,751.5,1
268.1,-310,594.1,1
-12.6,1692.7,1000,0
-62,2234.7,587.2,0
-28.4,910.8,386.9,0
278,2650,678.2,0
19.1,850,172.1,0
6.9,3518.2,772.2,0
302.1,250,674.5,1
58.3,700,603.2,1
-13.2,25210,597.5,1
-63.9,1504.1,345.2,1
-6.6,-510,495.8,1
367.9,-1180,413.6,0
-45.2,960,657.8,1
-152.8,375.3,1000,1
-213,-810,171,0
148.6,3030,676.4,1
-181.2,892.2,403.3,0
-12.1,3551.8,1000,0
-164.1,-177.9,1000,1
-45.1,7.6,544.3,0
-164.1,-136756.5,1000,1
-433.5,-1020,590.6,0
-64.6,1620,519.2,1
-140.4,264.4,223,0
107.4,38.9,413.3,0
153.2,890,454.4,0
-60,7600,301.8,0
118,4130,168.4,0
-44.6,4480,572.5,0
197.9,2630,628,0
73.2,4200,230.2,0
985,3930,530.9,0
-21.5,4420,72.8,1
-46.9,5540,403.9,0
212,1930,296,0
-73.8,10210,257,0
89.8,-2280,338.4,0
1254.7,380,830.6,0
-133.8,-21760,209.6,0
35.9,730,886.6,0
193.4,1880,737,0
171.7,1120,339.2,0
226.5,4360,502.1,0
-6.9,-5080,444.7,0
-32.5,1820,697.3,0
244.9,5360,628,0
217.4,5090,729.1,0
27.2,1500,166.5,0
-184.6,7630,647.9,0
23.1,790,470.8,0
-36,843.4,209.7,0
138.6,4279,145.7,0
-134.7,-960,81.7,1
368.9,4580,555.6,0
255.7,1140,361.2,0
113.3,2940,409.7,0
-80,1583.5,542.8,0
1499,650,811.5,1
28.8,2390,57.7,0
-52.4,6880,63.6,1
1071.9,2570,787.3,0
99.8,9910,706.5,0
244.4,250,736.8,0
4.7,1510,77.8,0
19.9,3360,815.2,0
69.4,2120,752.1,0
365.3,4990,842.1,0
403.2,2650,849.2,0
386.6,6400,681.4,0
37.8,810,492.3,0
-36,-160,691.7,0
213.3,6010,390.6,0
126.3,570,207.2,1
115.4,5850,270.9,0
480.6,670,793.6,1
273.6,30,515.3,0
-94.7,1233,129.5,0
16,5060,801,0
693.5,100,747.1,1
146.7,4890,797.6,0
263.1,1850,310.7,0
96.9,6520,460,0
2.8,-2440,685,0
35.3,-510,23.9,1
69.8,3098.1,549.5,0
-29,592,553.3,0
113.4,4020,234.8,0
-61.3,8400,54.1,1
370.3,3810,731.9,0
140.9,1880,321.6,0
1383.2,3670,815.8,1
772.1,2700,833,0
-135.3,-600,796.3,0
47,1196.2,216.7,0
60.1,2117,527.8,0
255.9,-765.9,676,0
-25.9,-37540,694.7,0
219,930,98,0
60.3,94.7,401.9,0
-14.7,2670,1000,0
326.4,2550,820.2,0
116.9,3330,337.3,0
487.4,690,235.2,0
28.8,1280,57.7,0
-149.7,2000,126.1,0
527.9,550,288.9,0
631.7,1550,518.3,0
-218.8,1031,348.6,0
-36.2,2820,431.7,0
111.7,910,474.1,0
-44.5,1070,199.5,0
2692.4,340,822.7,0
67.2,5220,448.4,0
656.8,1580,804.5,0
1964.7,1480,639.6,0
1195.5,510,58.4,0
-19.7,1420,108.2,1
211.8,3690,535.9,0
364.5,2440,131.9,0
1.9,-890,687.6,0
1552.8,2900,790.3,0
412.6,1020,509.5,0
1180.5,4340,831.1,1
239.8,2440,176.8,0
134.2,1410,171.6,0
444.6,1049.9,818.3,0
27.9,3846.8,196.5,0
-193.8,3380,114.8,0
193.7,2840,173.3,0
983.5,260,604.8,0
89.5,-760,496.3,0
210.3,2706.4,263.8,0
-112.2,2100,206.4,0
1173.4,-1150,829.1,0
-38.6,6457.9,174,0
184.9,-2160,88.2,1
382,3530,884.7,0
44,3170,18.9,0
180.8,-114286,321.8,0
-69.8,1180,71.3,0
89.7,1200,680.7,1
415.1,1360,108,0
-70,1870,278.5,0
232.3,1256.5,698.2,0
155,3570,494.1,0
448.5,600,665.8,0
110.1,920.8,144.3,0
352.8,1280,290.2,0
73,1230,215.9,0
68.2,-1800,91.5,0
-138,990,408.8,0
449,640,720.9,0
-9.9,9525.3,296.1,0
113.6,4581.6,559.8,0
-123.1,871.7,220.5,0
-28.6,2410,279.6,0
0,-190,0,1
69.5,1030,583.6,1
13.8,2000,41.7,1
-241.8,-17.2,108.9,0
10.9,5800,387,0
-118.4,3970,31.5,0
426,1430,811.9,0
324.2,55804,780.1,0
321.1,-6200,825.3,0
-172.2,90,932.5,0
-14.5,427.3,80.2,0
-367.1,-3125000000,499.7,1
2507.9,-1440,53,1
-127.9,3360,265.4,0
5977.9,940,558.7,1
86.6,1140,555.1,0
267.1,140,693.5,0
-343.9,-12300,610.2,0
216.9,-960,280.1,0
644.2,-1650,393.7,0
539.3,2270,678,0
-72.1,-11720,122.1,0
158.1,2450,532.9,0
57.8,5180,310.8,0
-230.2,-21144.6,624.1,0
196.1,-490,567.9,0
-59.1,21795.3,668.9,0
-103.2,-232000,257.6,0
1872.1,750,793.2,0
163.5,2800,510.7,0
498,-159000,670.4,0
172850.4,-5920,-4157.4,0
153.5,91613,419.2,0
-37.7,-80,217.9,0
-245.7,-1360,751.6,0
18.2,-490,220.2,0
-41.3,200,280.7,0
-211.9,2820,407.2,0
182.9,70,870.9,1
61.2,770,504.1,0
1330.1,470,382,0
376.4,-320,46.9,0
-72.9,2880,124.3,1
-4.1,2194.5,790.6,0
623.3,-1720,121.3,0
680.5,-40,649.9,0
-99.8,150,730.9,0
305.4,150,695.2,0
-116.6,-1300,145.3,0
47.4,1550,11.7,0
6.4,-1310,175.7,1
1095.8,120,566.2,0
342.2,1490,803.3,0
82.5,5880,62.1,0
5467.7,-10600,652.1,0
-139.3,-1033.3,-2,1
277.8,80,556.7,0
-10.6,1420,916.3,0
217.1,110,270.6,0
-647.3,-400,-244.5,0
47,-80,688.5,1
43.3,1410,1000,0
577.2,980,743.3,0
156,11450,549.3,0
213.5,30.6,346.9,0
577.1,-7667997,145.3,0
753.1,0,667.4,1
-121.8,-130,565.3,0
3277.2,-1010,773.9,1
-34.3,430,1000,0
18.2,4170,1000,1
-64.9,5270,502.4,1
6.5,2210,903.3,0
54.8,1640,1000,0
-23.2,5330,1000,1
44.4,680.1,1000,0
35.6,5580,1000,0
78.5,2160,852.4,1
20.2,1010,1000,0
-20.5,800,1000,0
-27.1,581,1000,0
91.2,2450,722.5,1
430.4,5200,958.3,0
193,340,525.6,0
114.6,960,1000,1
40.9,3260,1000,1
42.4,816,1000,0
53.2,2170,1000,1
-125.3,1680,1000,1
37.3,3100,1000,0
41.3,730,1000,1
-91.4,1622.3,990.6,0
67.2,2170,313.8,1
-245.4,-43.6,1000,0
131.8,2600,1000,0
122.1,2780,1000,1
-93.1,740,499.9,0
70.7,1680,1000,0
-8.9,2760,1000,1
106.6,1550,1000,1
170.1,810,1000,1
254.8,9070,459.6,0
62.9,3340,1000,1
455.7,1250,1000,0
112.4,3380,510.4,1
928.3,340,1000,1
4.3,1090,1000,1
75,5480,353.2,0
-50.6,3270,430.8,1
9.4,17550,1000,0
135.8,3110,1000,1
1515.6,1720,710.5,1
108.2,2270,1000,0
-59.1,430,1000,0
60,3370,1000,1
258.9,970,1000,1
-11,1020,1000,1
165.9,3710,1000,0
129.9,1430,957.1,0
-39.8,7440,1000,1
121.7,1940,720.9,0
-63.2,770,848,1
1154.3,-2200,823.2,0
63.4,3790,1000,0
-131.5,2620,1000,0
-13.9,920,1000,1
-259.6,105.9,548.6,0
91,1830,911.8,0
196.5,2420,1000,1
11.8,1600,411.9,1
426.2,860,1000,1
-88.3,1057.4,1000,0
296.2,380,1000,1
240,6300,936.8,1
-4.7,8500,469.7,1
305,3250,287.2,0
29.9,840,1000,1
290,1110,1000,1
9.6,2267,1000,1
141.7,2080,1000,0
-99.6,1810,419.5,1
-216.7,72.6,1000,1
-92.2,936.6,1000,1
-74,240,376,1
558.7,910,1000,1
816.3,4030,952,1
-9.6,7710,1000,0
142.9,4680,1000,0
837.6,1890,1000,0
25.6,-10,1000,1
7.7,1170,1000,1
-157.9,351.1,153.1,0
164.8,2420,1000,1
41.6,4620,1000,0
-17.5,560,1000,1
-582.1,620,1000,0
56.3,2690,1000,0
12.1,-2510,180.3,0
-19.7,1550,411.4,0
50.5,2940,895.3,0
47.4,960,1000,0
-14.6,4910,1000,0
998.3,1090,434.5,1
15,1570,305.4,0
47.8,5390,1000,1
56.2,1780,988.8,0
124.2,1890,1000,1
21.2,6370,372.5,0
4.9,110,1000,1
1671.9,1566.3,294.6,0
768.9,790,1000,0
124.6,2030,1000,1
79,2210,1000,1
95.5,1980,1000,1
31.6,5360,895.2,0
37.5,10820,489.6,1
227.8,8720,393,0
35.8,7380,496.9,1
822.4,1050,973.7,0
19.9,1090.5,1000,1
-6.8,850,1000,1
158.7,3490,1000,0
132.4,5810,167,0
-9.2,3280,1000,0
127.9,3700,483.8,0
17.1,2630,342.3,0
-47.8,3450,821.1,0
65,832.2,1000,1
184.1,1690,1000,1
261.6,430,1000,0
127.2,1560,1000,1
54.9,1950,1000,1
-21.8,1420,1000,0
131.2,2070,518.8,1
-169.2,1690,301.3,0
16.2,1580,545.4,1
261,-190,1000,0
1711.5,-840,995.7,0
33,920.2,223.8,0
-166.8,220,1000,1
-306,-3080,1000,0
2.2,1810,1000,1
20,3688.9,1000,0
155.9,715,1000,1
-56.1,2180,903.8,1
-94.7,2120,139.5,1
88.5,19580,894.6,0
382.7,-1640,171.5,1
81.1,1110,1000,1
19.5,4730,1000,0
158.2,1220,1000,1
83.8,3410,981,1
95.5,8450,838.4,0
-23.9,6995.6,1000,0
119.1,2930,1000,0
35.8,-3600,1000,0
-2,680,1000,1
235.9,1060,721.6,0
229.4,460,1000,1
119.1,2650,1000,0
51.7,2100,1000,1
107.2,480,465.9,0
-41.5,1430,1000,0
97.4,4320,1000,0
28.4,5057.8,1000,0
68.4,2550,822,0
91.4,3210,422.4,1
-372.3,2940,510.2,0
91.2,3120,1000,1
34.4,480,1000,1
198.4,516.6,248.8,1
21.2,1840,431.1,1
-5,7470,1000,0
72.5,4980,615.7,1
1263.7,1920,1000,0
147.4,6520,575.7,1
151.5,3320,574,1
29.9,2690,1000,0
124.9,10080.5,1000,0
326.4,790,705.7,0
111,2230,1000,1
305.5,1620,1000,1
208.3,-370,1000,0
-29.6,1310,228,1
-6.8,1110,1000,1
4.8,5724.4,1000,0
455.1,1980,610.5,0
56.8,9880,279.4,0
884.9,3313.6,1000,0
53.7,1340,1000,1
51.5,1100,508.6,0
-57,460,1000,1
109.8,620,1000,1
1422.5,-600,464.6,0
-30.7,790,796.7,1
216,320,1000,1
15.7,560,1000,1
98.6,3150,617.4,1
371.1,1930,1000,1
40.2,5400,1000,1
78.7,2970,562.3,0
54.5,1690,887,0
49.4,2340,1000,0
48.7,920,868.6,0
566.3,1100,739.2,0
67.6,3230,340.5,0
15.7,1730,1000,1
123.2,1530,1000,1
20.4,820,1000,0
302.1,5820,945.2,1
-78.8,80,565.7,0
128.5,1060,370.8,1
130.8,1600,1000,1
173.4,1520,1000,0
90,2450,590.6,1
71.6,1980,1000,1
100.7,2030,1000,1
349.2,4010,770.9,0
873.1,1920,617,1
727.6,820,1000,1
-2.3,1360,1000,1
468.5,560,1000,1
6.8,26160,296.2,1
-366.7,-1720,1000,1
350.5,1055,1000,1
161.6,90,1000,0
340.9,4320,1000,0
109.4,3310,1000,0
55,220,1000,1
198.4,3530,1000,0
123.5,5070,218.9,1
111.1,2790,1000,1
700.4,2478.5,363.1,0
68.9,2520,431.2,1
35.6,3710,1000,1
31.9,1580,1000,0
-116,395.2,1000,1
28.3,1120,1000,0
125.8,1510,1000,1
148.7,3630,744.1,0
31,1180,917.4,0
92.3,1770,1000,1
58.2,857,1000,1
199.6,1090,1000,1
-148.4,-953.3,1000,0
70.2,7016.5,1000,1
69.1,1433,1000,1
0,1840,0,0
2.4,1830,1000,0
-86.8,1380,1000,1
-26.8,4230,1000,1
82.5,1370,1000,1
48.8,1190,1000,1
58.2,3380,670.6,0
147.2,7890,1000,0
-213.9,559.6,928.2,1
-8,1000,1000,1
-1.2,920,1000,1
26.4,960,1000,1
201.9,840,952.8,1
-11,1996.4,1000,0
28.5,2500,392.3,1
146.5,430,1000,1
346.7,2060,536.7,0
531.1,880,872,0
612.2,1860,1000,0
200,390,1000,0
165.8,560,1000,0
118.9,980,1000,1
-10.8,1530,1000,1
288,1570,1000,1
379.2,560,1000,0
88,3290,767.1,0
34.4,2440,1000,1
79.7,820,1000,1
75.2,2290,1000,1
3,2114.2,1000,0
72.1,560,333.1,0
307.4,1440,751.8,1
9936.8,1010,753.5,0
-126.3,1350,483.1,0
52,467,1000,0
69.2,1110,1000,1
679.5,1320,1000,1
-356.5,5940,1000,0
49.2,1310,1000,0
231.5,1420,757.1,1
274.5,3110,1000,1
208.3,2310,1000,1
-25.8,2302,246.8,1
30.8,6620,1000,0
111.8,1470,1000,1
207.6,3140,1000,1
369.1,1480,1000,1
234.1,3880,1000,0
60.7,11960,1000,1
-24.2,2560,423.1,0
763.5,1680,793.8,1
-54.7,660,1000,1
145.1,1660,715.3,0
0,-250,0,0
5.3,2170,1000,0
-90.8,966,1000,0
-17.4,1750,1000,1
194.2,210,1000,1
209.5,1660,1000,1
49.3,1220,1000,1
-254.6,1130,737.1,0
-42,1080,1000,1
162.8,2010,1000,1
57.1,6410,217.1,1
488,1293.2,789.3,1
164,70,1000,1
121.6,1360,1000,0
56.5,420,1000,0
-87.2,12770,842.9,1
136.5,1570,459.3,1
123.9,1710,1000,1
560.4,800,1000,1
11.9,530,779.5,0
73.9,2340,359.7,1
72.2,2240,1000,1
1058,1550,1000,1
340.7,1730,906.6,0
112.5,700,1000,1
55.7,680,1000,0
52.3,41400,251.5,1
730,920,383.8,1
119.6,540,1000,1
39.2,2390,1000,0
75.1,300,1000,1
242.7,2650,1000,0
94.6,2090,870.5,0
103.8,5900,701.4,0
225.7,730,1000,1
18.4,380,1000,1
2.5,4420,442.3,1
608.9,1380,649.6,0
186.1,1150,1000,0
648.6,3080,596.2,1
119.7,420,1000,1
79.6,1500,1000,1
159.6,1490,1000,1
63.2,2500,1000,1
-775.6,3590,1000,1
-363.7,3500,1000,1
103.5,1360,766.8,1
-22,9150,400.4,0
64.9,990,1000,1
-65.3,2320,1000,0
33.7,4780,1000,1
80,2707.2,174.6,1
119.7,366,1000,0
131.3,630,1000,1
267.9,540,1000,1
-28.1,2190,1000,1
-262.9,890,1000,1
77.7,-120,303.4,0
-175,1100,4.6,1
187.5,22380,571,1
63.2,9800,1000,0
174.8,640,1000,0
123.6,1590,1000,1
69.1,3190,413.8,1
-23.4,3400,1000,1
-91.6,790,1000,1
475.8,1280,1000,1
198.4,1230,1000,1
226.2,2170,666.2,1
-53,250,814.1,1
4.9,410,1000,1
-25.3,3833.5,1000,0
37.1,2010,1000,1
24.1,2200,1000,1
265.9,1890,1000,1
156.2,1270,1000,1
32.9,3510,1000,1
340.1,1290,1000,1
-11.6,310,1000,1
26.4,2550,1000,1
81.5,1220,1000,1
187.5,-50,782.7,1
-40.1,2500,1000,1
-199.3,1010,9.5,1
106.5,1090,1000,1
37.8,1275,1000,1
-13.2,330,1000,1
325,980,1000,1
199.8,1170,1000,1
-37.3,340,1000,1
1530.8,2530,1000,1
58,1540,1000,1
12.9,-600,513.1,1
9.8,880,1000,1
-1,1230,1000,1
104.7,780,1000,0
32.1,1880,1000,1
92.8,960,1000,1
1012,1770,-3370.7,0
76.8,810,1000,0
492.6,1820,673.5,0
99.6,1647,1000,1
36.4,51130,416.1,1
704.6,11610,987,1
-29.6,480,1000,1
2.8,-880,975,0
-507.2,-60,1000,0
368.8,730,659.7,1
74.4,1500,1000,0
-199.7,-880,741.5,0
-276.4,1640.9,505.8,0
233.2,3630,1000,0
21.7,1110,1000,1
188,1490,1000,1
109.3,0,1000,0
66,1340,1000,1
99.5,830,785.7,0
642.4,1450,745.8,1
94.1,2020,1000,0
39.6,820,1000,1
56.2,1950,1000,1
-4.4,1530,1000,1
-14.9,2010,1000,1
-52.2,200,1000,1
-25.5,1390,1000,1
56.1,1320,1000,1
118.3,1010,980.1,1
-39.4,4444,1000,0
-33.9,1918.5,1000,0
196.4,7180.4,456,1
58.6,5450,1000,1
86.5,1128,1000,1
-31.7,530,1000,0
216.4,910,1000,1
-500.5,-680,1000,1
187.5,1675,1000,1
284,9880,1000,1
243.1,1020,1000,1
24.6,790,1000,1
95.1,720,1000,1
-37.8,650,974.8,0
-24.1,410,1000,1
12.4,13560,1000,1
66.6,1250,1000,1
41.5,1611,1000,1
88.3,2070,1000,0
272.4,1180,1000,1
238.6,110,1000,1
167.7,1740,1000,1
45.8,2500,587.8,1
-1000,-620,0,0
336.8,1030,817.3,1
170.4,580,1000,1
2382.6,-100,927.4,0
157.7,10750,1000,0
55.2,2050,1000,0
397.8,-270,760,0
115.3,1630,226.6,1
307.5,-40,1000,1
-301.5,1605,1000,0
92,1380,1000,1
44.2,1760,1000,0
-18.6,2430,1000,1
-77.4,1620,1000,1
36.8,3630,1000,1
933.6,460,1000,1
35,1350,1000,1
115.2,4320,1000,0
-89.3,2040,1000,1
1.5,1970,1000,1
133.8,2880,243.2,1
-77.6,-950,1000,1
81.5,200,1000,1
104.4,1450,1000,0
44.8,1290,1000,0
145.1,560,1000,1
52.3,1040,1000,1
25.5,480,1000,1
2209.1,1240,842.2,1
-133.7,700,377.4,0
587,-350,756.8,1
1433.1,110,1000,1
-29.9,870,1000,1
128.4,1400,1000,1
-1.9,1300,553.6,1
180.5,1150,1000,1
162.5,1060,1000,1
133.5,570,1000,1
30.2,1960,1000,1
28.1,775,1000,1
67.8,1760,1000,1
-54.4,2330,1000,1
208.1,780,1000,1
187.1,260,1000,1
2.3,640,1000,0
-176.1,29870,502.6,0
45,3930,388.3,0
111.7,1690,1000,1
267.7,2570,1000,1
111.9,540,1000,1
64.1,1730,1000,1
80.5,1427,1000,1
-24.8,4750,1000,1
134.9,1518,1000,1
-19.3,1080,1000,1
4855,26310,938.5,0
5.8,190,361.5,1
40.3,1710,1000,1
17008.3,-23430,1000,0
120.2,540,1000,1
192.6,420,1000,0
-34.5,150,1000,1
529.5,510,1000,1
122.9,1640,1000,0
5.3,676,1000,1
60.2,818,1000,1
53.3,1010,1000,1
-94,-230,1000,0
101,570,1000,1
209.1,1630,1000,1
305.4,1600,1000,1
464.6,0,1000,1
58.1,1530,1000,1
820.1,-2690,331.5,0
-30.7,-1700,1000,0
173.9,1180,833,0
163.5,7320,1000,0
95.8,1790,1000,1
132.5,770,1000,1
-39.4,1380,1000,1
-1000,-5812.1,0,0
75.6,2210,1000,0
136857.1,-110,1000,0
64.2,2030,1000,1
-22.7,1753,1000,1
144.8,810,1000,0
42138663.9,-1300,335.8,0
154.9,1520,1000,1
81.9,2460,1000,1
-82.2,480,1000,1
-62.5,580,1000,1
-72.1,1350,1000,1
-50.5,690,1000,1
-78.3,-1240,1000,0
285.2,1510,1000,1
679.5,1520,675.2,1
-32.1,1330,1000,1
-34.5,1400,1000,0
420.4,873,1000,1
-71,1600,783.7,0
0.9,1248,1000,1
-77.7,930,385.2,1
-1.4,840,1000,1
223.1,590,1000,0
14.5,230,1000,1
79.5,-2610,346.8,0
352.5,1986,1000,1
285.1,290,1000,1
-29.4,550,1000,1
645.2,240,1000,0
70.3,100,1000,1
91.5,1530,1000,1
638.3,180,1000,1
9.7,220,1000,0
-54.4,260,1000,1
444.5,1510,1000,0
6.3,1380,1000,0
52.8,3040,520.4,1
4.1,1400,1000,1
-207.5,-1080,791.9,0
2854.3,1850,1000,0
51,830,1000,1
70.4,3590,1000,1
134.8,900,1000,1
90.9,640,1000,1
620.6,2340,1000,0
2725.2,710,809.5,0
164.6,1165,1000,1
108,990,1000,1
53.4,4080,1000,0
-402.3,670,1000,1
54.4,710,1000,0
1185.1,980,1000,1
156.9,630,1000,0
346.2,1730,813.7,1
78,1690,1000,1
30.3,1140,1000,1
-33.5,-300,895,0
45.2,535,779.8,1
959,60,1000,1
33,705,1000,1
99.6,-430,1000,0
-14.3,540,1000,1
-6.2,1270,1000,1
-21.2,160,520.3,0
34.2,1730,1000,1
80.9,745,1000,1
-208,-7390,1000,0
147.7,780,1000,1
-24.1,450,1000,1
-52.1,2250,322.7,0
105.7,3340,306.8,0
404.9,230,255.9,0
14.7,1070,184.8,0
81.1,2640,365.1,1
22.4,1730,278.1,0
95.7,3070,285.7,1
80.8,2190,349.5,1
138.2,1420,211.1,0
-10.9,2660,350.2,0
124.5,5670,485.9,1
102.1,1890,171.5,0
317.1,-560,313.8,0
66.1,4950,348.2,0
70.7,2030,319.6,1
139.9,1680,549.9,1
93.4,1760,291,1
60.4,2590,352.8,0
10.7,3590,352.7,0
10.5,710,271.8,0
92.1,3000,353.7,0
105.8,2610,300.9,1
45.7,3730,395.7,1
36.8,2420,330.2,0
-144.6,1990,548.9,0
45.3,4720,303.2,0
168.9,1690,102.6,1
129.2,5916.8,252.2,1
-121.4,495.7,319.1,0
187.7,935,346.7,0
351.6,1580.5,193.4,0
49.7,2240,432.1,0
23.6,1320,565.3,1
274.9,2960,320.3,1
87.6,3040,253.3,0
96.9,5240,301.3,0
5794,-870,853,0
448.8,172.7,286.6,0
45.8,2360,551.6,1
92.3,2950,293.6,0
0.3,1650,109.5,0
212.7,1460,214.9,0
150.5,1950,374.7,0
22.9,1190,447.1,0
34.5,1460,495.2,1
34.9,-1470,340.5,0
21.4,3120,475.4,1
-13.3,1570,652.1,1
23.2,1960.2,128.8,1
273.3,5110,250,0
30.5,2270,255.6,0
600,2360,152.9,1
122.7,2480,218.1,1
-121.3,1666.9,28.8,1
-39.2,-24240,76.1,0
137.7,1560,201.8,0
116.3,-1150,-62.5,0
76.3,2100,454.6,1
719.7,-32,973.9,0
43.6,3010,599.5,0
121,-1727.4,176.7,0
79.4,859,143,1
1755.5,3030,194.8,0
65.2,1680,335,1
-5.9,2160,333.6,1
1005.6,160,766,0
-585.5,-182000,-7.6,0
18.2,-10,1000,1
29.1,3860,333.8,1
276.8,266.8,304.5,1
116.3,2910,285.5,0
49.3,1190,364.2,1
75.1,1580,197.2,0
54.1,698.5,237.8,0
53.7,450,560.3,0
154.6,2560,536,0
288.4,1060,786.9,0
160.5,1790,280.2,1
-82,4908,409.1,0
27.2,430,358,1
89.2,-10,616.8,1
49,2320,288.4,1
83,890,802.2,1
571.1,8580,211.8,0
-98,-4200,369.1,0
20,1140,391.3,1
47.9,447.5,583.7,0
49.1,1070,429.1,1
-1.2,420,692.5,0
215.7,620,458.9,0
186.9,667,391.1,1
60,2390,637.4,0
802.9,2870,332.4,0
69.5,6490,385.9,0
115.4,2660,688.2,1
-495.5,2660,198.1,0
39.1,-530,334,1
583.6,1120,827.3,1
29.5,2420,810.9,0
624.3,-1727.5,116.3,1
-122.3,1138,424.1,0
1110.1,-960,681.9,0
694,1050,439.7,1
208.2,880,423.6,0
-209.4,-260,690.7,0
65.2,4730,596.6,0
-30.1,1500,589.1,1
182,-110,481.7,0
334.7,-390,762.1,1
-38.2,1140,654,1
539,-1080,265.9,1
107.7,600,55.2,1
-366.2,3440,403,0
182.5,1360,873.3,0
-35.1,750,549.2,1
-14.4,6880,288.2,0
136.2,430,343.1,0
115,385,358.5,1
74.4,640,511.3,0
-39.2,910,288.7,0
68.8,2610,569.3,1
226.8,-1110,626.3,1
1112.2,-14890,790.9,0
195.2,-520,294.8,1
387.3,60,391.5,1
-86.2,1190,65.1,1
48.7,4640,303.8,1
-16.6,1020,879.4,1
503.8,6052.3,615,0
-56.7,11970,500.1,0
133,2060,605.3,1
717,1131.7,821.1,0
13303.3,-1940,647.8,1
242.5,1820,417.1,0
-43.7,4660,280.2,0
22.6,540,850,1
3.9,110,501.3,0
203.2,1546.7,495.1,1
118.3,-800,693.6,0
76.4,1140,262.8,0
159,2060,848.1,0
280.2,3840,435.7,1
172.8,2270,467.5,1
-262.9,929.5,717.6,0
188.8,20910,610.7,1
386.1,700,779.4,0
24.6,3960,243.3,1
-49,-3440,218.9,0
160.6,2370,401.6,1
76.9,1480,802.7,1
42.7,240,337.8,1
52.9,198.9,319.6,1
345.6,-1260,528.9,1
851.2,330,753.8,0
131.5,1190,786.9,0
935.4,3790,398.3,1
30.5,3510,579.1,1
402.7,110,819,1
190.9,180,352.7,0
65.1,2650,352.7,1
36.7,-470,562,1
51.2,4340,331.7,1
-58.5,30,623.2,1
414.4,1070,449.9,0
-159.3,-4900,147.4,1
-23.8,617.4,591.7,1
123.6,920,1000,1
975.6,2970.6,497.3,0
607.4,-1230,635.5,1
244.6,1870,688.9,0
3.5,-370,396.3,1
-58.5,2309.3,143.2,0
-1.2,1870,619.6,0
-447.3,-80,569.4,0
335,330,870.6,1
-384.7,-11180,-6.3,0
2627.3,-3110,125.2,1
620.4,510,935.4,0
51.6,800,245.2,0
154,400,533.3,1
542.6,-680,915.3,0
-9,-730,617.7,1
221,1990,584.5,1
62.9,820,481.1,0
448.4,110,823.4,1
418.2,-1610,664.2,1
1414.6,-560,-75.7,0
90.6,380,244.9,1
75.3,3180,857.9,1
98.6,2370,688,1
397.5,-330,415.5,1
58.9,1770,265.5,0
-48.2,1130,281.6,0
278.7,2440,446.3,1
239.9,620,331.8,1
14.9,2360,541.4,0
-107.6,1940,132.6,1
3093.7,-350,-1770.6,1
1749.8,700,479.8,1
87.7,2010,638.9,1
302.7,900,783.7,1
283,-1270,687.4,0
77.4,790,465.1,1
735.6,-600,514.5,1
1634.8,-3120,588.7,0
184.2,-1700,343.3,0
763.5,-1260,637.6,1
266.5,-740,760.8,1
115.5,1720,355,0
-156,460.7,361.5,0
187.2,1090,568,1
521.1,-750,881.6,1
46.7,2800,813.5,1
-83.9,140,337.4,0
84.8,-610,232.3,1
-199.3,-20000,204.3,0
-246.8,-1020,388.5,0
98.8,-380,414.4,1
135.2,-4960,509.8,1
80.7,1010,662.3,0
57.7,2380,325.3,0
713.6,-1010,623,0
5,1250,564.4,1
423.7,-1220,705.3,1
622.2,200,606.9,1
159.8,-340,288.4,1
143,470,346.6,0
774.6,-350,749.8,1
99,455.6,208.8,1
-1000,-13460,0,0
-29,890,231.7,0
62.3,180,313.7,1
165,220,574.7,1
617,1420,671.3,1
789.6,4400,196.2,1
143.9,-350,685.5,0
-80.9,3329.3,716.2,1
188.8,1020,374.9,0
-19.1,2390,394.4,1
145.7,4070,409.1,1
115.2,150,991.3,1
247.3,5892.8,721.5,1
285.3,-300,778.8,1
49,1360,724.6,0
121.3,1440,159.1,1
91.5,590,408.4,1
273.2,110,485.6,0
46.9,820,538.8,0
1186.7,-10250,771.9,0
102.8,3080,792.7,0
46.5,-1214.9,233.2,1
427.8,1340,460.3,1
106.1,920,864.9,0
133.8,-2250,583.7,0
-55.6,5290,481.4,1
180.7,-130,749,0
-18.3,810,494.2,0
58.8,8300,170.8,0
100.4,1270,364.9,1
1089.8,-570,588.4,1
510.2,-3050,733.2,1
73,3500,882,1
169.3,4130,821,0
-117.9,1720,498.6,1
53.8,4330,242.5,1
-583.7,-830,133.2,1
639.6,62,77,1
-17.3,3317.2,443.3,0
86.4,3170,254.5,0
73,-130,567.7,1
22.9,1420,490.2,0
150.2,2600,823.1,1
-31.1,180,146.9,0
28.6,4980,723.4,1
-87.3,-340,151.4,0
282.4,-210,832.5,1
137.1,-860,871.5,0
253.1,-1300,818.3,0
158.4,2260,316.9,0
178.2,770,356,1
241.4,-530,326.3,0
492.6,-4200,697.3,1
358.3,-910,902.2,0
0,-106000,396.2,0
216.1,2720,546.5,1
648.3,-580,301.8,1
252,150,700.1,1
651.6,3230,998.6,0
280.7,-6650,759.7,0
301.8,930,633.5,1
58.5,560,176.7,0
293.6,-170,887.8,1
115.9,1520,78.8,0
227.8,110,431.5,1
-1.1,-1150,287.2,1
1426.7,85.6,763.9,1
567.6,-4430,641.9,0
1112.9,90,615.7,0
685.5,-7640,164.9,1
-64.4,-250,390.8,0
5.1,1100,481.8,1
28.7,-80000,364.3,0
44.7,5120,585.3,1
166.5,2170,432.6,1
74.5,1420,390.6,1
112.5,-190,615.7,1
762.6,-1490,815.9,1
663.4,300,339.2,1
257.1,930,865.4,1
142.5,1280,463.4,1
194.8,-4330,590.2,1
-63.5,-690,539.8,1
120.3,630,515.5,1
477,-190,328.7,0
-61.4,-500,489.8,0
216.6,1670,349.6,0
676.7,770,359,0
136.6,2940,384.3,0
65,141.9,227.5,0
15.6,2350,552.3,0
-21.5,-50,205.6,0
315.1,1480,374.6,1
225.5,-1000,469.8,1
179.8,-520,565.3,1
80.2,3950,117.3,1
92.3,230,858.6,1
191.7,910,685.6,0
50.4,2380,78.6,0
389.1,-450,384,0
49.7,1810,382.4,0
-242.4,-2000,511,0
-266.2,-2220,671.4,1
-138,2330,80.8,0
77.2,1350,311.3,0
222.3,500,688.1,0
311.9,-2510,363.5,1
27.9,-2440,563.4,0
9.4,840,564.6,0
262,1240,153.7,0
781.2,1877.6,743.3,0
6.8,450,766.8,1
476.1,340,334.7,1
90.7,1890,558.9,0
2515.4,-1160,391,0
326.2,-910,756.4,1
187.5,-540,679.3,0
-58.9,380,614.4,0
-16.7,2550,353.4,0
207.4,1910,206.5,1
370,-720,650.9,1
159.2,440,686.3,1
150.8,-700,411.7,0
266.1,-440,521.7,0
227,1160,512,1
-85.4,2530,462.1,0
191.4,1320,368.8,1
109.9,-100,1000,1
284.8,250,598.5,0
119,2390,338.4,1
-73.9,-3360,143.8,0
284.1,1320,517.4,1
432.3,-862,281.6,1
11.8,-1520,144.8,0
12.7,2890,103.3,0
159.6,400,368.6,0
-28.4,610,72,0
55.1,5510,330.1,0
74.6,-370,453.9,1
152.2,2300,776.6,1
56.6,2630,109.5,1
207,-210,266.5,0
323.5,-1280,699.4,1
-31.9,5780,319.3,1
320.1,-51600,1000,0
269.2,-750,306.8,1
347.6,3532.5,215.3,1
-119.6,960,666.8,0
210.6,-340,394.3,0
-43.5,460,329.4,1
46.9,1680,778.9,1
86.8,2770,836.1,1
4.9,-600,315.3,0
548.6,-2390,483.1,0
47.5,-105850,662.2,1
392.6,630,603.6,0
702.2,-7500,659.2,1
210.1,-460,362.5,0
-4.4,970,897,0
225.7,85,687.4,1
494.6,-700,834.4,1
193.1,-210,666.1,0
66.1,5050,131.6,0
37.9,-400,345.5,1
192.4,150,675.8,1
-197.7,-860,538.3,1
406.2,-260,493.1,1
68,-40,767.9,0
193.8,40,519.3,0
91.7,1040,359.5,1
5330.5,-680,321.5,0
48.5,1670,777.9,1
60.8,990,744.2,0
67.4,2580,94.8,0
-232.1,1270,140.8,1
-53.1,160,398.8,0
137.6,-530,650.2,0
-46.8,-470,456.4,0
228.8,-51.7,301.8,0
1129.7,-2580,829.4,0
-69,-1120,609.8,1
237.3,920,783.2,0
117.6,-550,288.4,0
0,-470,839.9,0
74,2650,521.2,0
158.5,860,530.4,0
295.5,-244800,-16802.1,0
61.4,1740,651.9,1
306.4,340,338.8,1
45.9,70,834.7,1
-57.2,-120,185.7,1
31.7,2033,407.1,0
391.4,-670,418,1
48.6,-410,443.1,0
79,420,220.3,1
77.2,770,632.4,0
50.7,1360,328,1
126,568.3,522.8,0
60.1,330,489.6,1
33.4,1840,134,1
-69.1,-90,541.3,1
1948.6,-1390,315.2,0
182.2,-3080,457.4,0
124.2,4350,380.8,1
556.9,460,857.2,1
186.7,920,540.2,1
70.3,1450,533.3,0
675,2000,237,0
183.5,1790,473.3,1
138,190,857.9,1
64.9,520,256.7,0
40.7,160,340.5,0
-38.1,2491,1000,1
636,-1900,632.1,0
57.7,4730,50.8,1
23.6,-60,732.7,0
188,3850,541.1,1
17.4,250,285.5,1
149.7,550,820.9,0
130.5,2400,336.4,1
23.7,5870,378.8,0
353.9,290,602.3,0
486.7,2530,202.8,0
0,-5750,0,0
260.7,810,390.3,1
-89.5,160,218.2,1
747.7,-640,418.9,0
275.2,-3600,681.6,0
25.8,-1220,227.5,1
-447.1,-1050,200,0
19.3,2940,556.5,0
171.5,1950,551.5,0
85.5,1580,436.2,0
-19.5,2120,478.2,0
19.9,750,193.3,0
-12.7,600,603.5,0
-404.5,-440,700.4,1
-102.5,-1530,959.7,1
358.6,-2770,788.1,0
796.1,-980,526.9,1
54.6,840,82.3,0
623.7,-1340,205.8,0
133.4,-360,430.2,0
59,2360,346.2,0
62.3,2060,296.8,0
356.3,380,393.4,1
-93.9,-1590,582.1,0
66.5,40,218.1,1
-81.3,-220,287.2,0
2632.7,1300,348.6,1
395.6,-230,455.8,0
106.1,40,380.7,1
285.1,-6790,641.5,0
-167.2,-380,206.5,1
68,-230,396.8,0
-10.5,-3470,797.4,0
-60.4,-2030,290.2,0
-630.4,-96700,-1465.2,0
248.5,-1400,714.7,0
244.7,-7560004,297.7,0
921.5,200.8,1000,0
290.4,380,565.6,0
63.5,0,425.6,0
200.1,120,735.9,0
-431.5,-190,1000,0
108.8,1630,131.3,0
127.6,570,268.9,1
-62.5,70,493.4,1
535.4,70,714.8,0
61.3,2800,684,1
39,-40,901.6,1
-364.2,-1053360,192.1,0
4.9,1990,543.5,0
-53.9,495.6,668.1,0
4.3,-20,455.4,1
83.7,10,390.1,1
34,110,464.5,0
75.7,2205,205.1,1
-368.9,180,452.2,1
223.3,730,327,0
-37.8,-8980,133.8,0
-271.4,180,257.2,1
81.7,680,527.4,0
213.8,-80,703.6,0
87.6,880,306.6,1
-20.9,270,416.8,0
16213.2,-580,541.6,1
989.5,1520,294.1,1
-270.1,-1250,238.1,1
-216.3,-760,595.2,0
120.3,430,393.4,0
132.7,-27300,250.1,0
53.9,-190,573.5,1
496,900,430,0
260,300,155.5,0
171.3,140,539.4,0
329743.2,-1560,272.1,0
-9,2760,396.3,0
-61.5,680,201.7,0
141.4,10,228.9,1
47.9,220,363.1,0
-393.8,50,179.3,0
-165.4,-16480,384.3,1
-40.6,2300,779.4,0
27.9,250,406.7,0
163,310,370.6,1
43.5,-10600,163,0
76.4,320,580.3,0
182.8,480,742.3,0
1885.9,-3680,815,0
0,-840,0,0
-97.5,-240,191,1
495.3,-960,454.3,0
154,90,632.2,1
-22,-40,297.3,0
-58.7,-190,259.6,0
1630.2,280,396.4,0
7.5,1790,107.1,1
-20.3,70,81.4,0
225.4,200,753.6,0
45.2,-140,376.3,0
30.2,-40,85.4,0
-13.3,790,321.7,1
-208.8,520,167,1
266.9,390,270,1
-85.6,-1950,747.4,1
133.5,360,393,0
223.3,-132000,569.1,0
-138.2,-500,514.8,0
194.2,1890,971.8,0
45.7,-40,197.1,0
-784.9,-530,46.7,0
-25.5,-180,463.6,0
198.9,-940,537.5,0
-255.8,1980,225.6,0
217.1,-295.4,391.3,0
138.6,-115,253.5,0
41.9,60.5,601.8,0
-52.7,2390,311.6,0
1.3,370,565.5,1
-120.1,370,347.6,0
328.3,-70,710.9,0
-195.2,-687.4,142.9,0
135.4,2610,601,1
121.2,740,102.6,1
251.5,0,323.4,0
1734.9,4270,100.6,1
104.5,0,587.1,0
-265.8,-9950,246.2,0
394.9,690,179.3,0
-31.4,-395000,485.8,0
41.3,200,172.3,1
-129.1,-1980,664.7,0
121.8,2080,567.8,0
87.9,420,423.8,1
167.7,610,610,1
0,0,1000,1
-233.5,-1400,809,0
80.9,80,236.4,0
-34.2,370,246.1,0
253.8,-140,375.4,0
-10,-200,731.3,0
-10.4,130,395.4,1
140.3,200,293,0
1409,-750,342.6,1
-71.8,-1300,129.2,1
-46.8,0,623.8,0
38,470,345.9,0
-200.4,5800,167.1,1
-185.4,-256.6,443.5,1
-349.5,-480,198.8,1
1.1,-40,355.7,0
99.9,150,858.6,1
-112.6,-230,445.7,0
-210.8,-410,287.5,1
153,2310,308.6,0
-142.7,-1530,113.3,0
-80.5,-40,256.8,0
93.8,-2060,411.8,0
541.4,20,701.7,0
255.8,1220,658,1
-93.3,230,354.1,0
-333.4,-750,-11.8,1
-154.1,720,87.9,0
-194,-8700,-781.1,0
-121.7,-1090,275,0
-45.2,-60,500.3,0
0,-200,723.6,0
-399.2,-2252.2,-334.6,1
8.9,320,119,0
102.5,100,343.1,0
29.5,-300,259.3,0
0,-2700,0,0
56.1,420,560.6,0
-134.6,-2760,236.8,0
1584.3,-800,81.8,0
114.5,80,357.1,0
100.5,-17000,-649.8,0
-260.3,-190,1000,1
227.5,-14322000,180.2,0
86.8,90,435.5,0
-487.9,-2000,710.4,0
-133.5,-1160,748,0
-155.6,-240,82.9,0
290.9,-670,713.2,0
27.5,-1700,134,1
233.5,50,399.4,1
0,-15050,278,0
44.1,-1460,225,1
-116.9,-290,408.8,1
-70.8,-210,253.8,0
-17.8,-1390,668.7,0
55.3,560,251.4,0
102.8,-40,167.1,1
-101.9,880,874.9,0
134.4,1240,72.8,1
192.5,120,472.1,0
